('initial_sal_', 'final_sal', 'mean_salary', 'period job_type')
('900.0', '1300.0', '1100.0', 'hour full time')
('8000000.0', '9500000.0', '8750000.0', 'year full time')
('7000000.0', '10000000.0', '8500000.0', 'year full time')
('6800000.0', '7200000.0', '7000000.0', 'year full time temporary')
('5800000.0', '6500000.0', '6150000.0', 'year full time')
('3200000.0', '0.0', '3200000.0', ' full time')
('4500000.0', '10000000.0', '7250000.0', 'year full time')
('4000000.0', '5000000.0', '4500000.0', 'year full time')
('1375.0', '1675.0', '1525.0', 'hour full time')
('3500000.0', '4500000.0', '4000000.0', 'year full time')
('401.0', '0.0', '401.0', ' full time')
('3100000.0', '3300000.0', '3200000.0', 'year full time')
('1700.0', '2200.0', '1950.0', 'hour full time')
('5600000.0', '6400000.0', '6000000.0', 'year full time')
('4500.0', '5000.0', '4750.0', 'hour part time')
('7500000.0', '13000000.0', '10250000.0', 'year full time')
('4500000.0', '0.0', '4500000.0', ' full time')
('0.0', '8500000.0', '8500000.0', 'year full time')
('6000000.0', '11000000.0', '8500000.0', 'year full time')
('5000000.0', '10000000.0', '7500000.0', 'year full time')
('4000000.0', '0.0', '4000000.0', 'year full time')
('6900000.0', '10100000.0', '8500000.0', 'year full time')
('1500.0', '1900.0', '1700.0', 'hour full time')
('1500.0', '2100.0', '1800.0', 'hour full time')
('1300.0', '1600.0', '1450.0', 'year full time')
('2500000.0', '5700000.0', '4100000.0', 'year full time')
('1700.0', '1700.0', '1700.0', 'hour full time temporary')
('8500000.0', '10000000.0', '9250000.0', 'year full time')
('7000000.0', '8000000.0', '7500000.0', 'year full time')
('5000000.0', '6000000.0', '5500000.0', 'year full time')
('1000.0', '1100.0', '1050.0', 'year full time')
('0.0', '9000000.0', '9000000.0', 'year full time')
('1200.0', '1400.0', '1300.0', 'hour part time')
('1185.0', '1185.0', '1185.0', 'hour full time')
('1400.0', '1400.0', '1400.0', 'hour part time')
('1087.0', '0.0', '1087.0', 'hour full time')
('1200.0', '0.0', '1200.0', 'hour full time')
('3093.0', '3093.0', '3093.0', 'hour full time')
('1500.0', '1700.0', '1600.0', 'hour full time')
('4500000.0', '0.0', '4500000.0', 'year full time')
('2000.0', '2300.0', '2150.0', 'hour full time')
('0.0', '1225.0', '1225.0', 'hour full time')
('1345.0', '1345.0', '1345.0', 'hour part time')
('10000000.0', '13000000.0', '11500000.0', 'year full time')
('4000000.0', '5000000.0', '4500000.0', 'year full time')
('5500.0', '6500.0', '6000.0', 'hour full time temporary')
('4000000.0', '4500000.0', '4250000.0', 'year full time')
('1100.0', '1100.0', '1100.0', 'hour full time')
('1100.0', '1300.0', '1200.0', 'hour full time')
('1600.0', '1700.0', '1650.0', 'hour full time')
('7000000.0', '8500000.0', '7750000.0', 'year full time')
('10000000.0', '13000000.0', '11500000.0', 'year full time')
('1300.0', '1300.0', '1300.0', 'hour full time')
('1200.0', '1500.0', '1350.0', 'hour part time')
('1640.0', '0.0', '1640.0', 'hour full time')
('1300.0', '1300.0', '1300.0', 'hour full time')
('9000000.0', '10500000.0', '9750000.0', 'year full time')
('1400.0', '1400.0', '1400.0', 'hour part time')
('5500.0', '6500.0', '6000.0', 'hour full time temporary')
('5500000.0', '6500000.0', '6000000.0', 'year full time')
('12000000.0', '0.0', '12000000.0', 'year full time')
('2692.0', '2692.0', '2692.0', 'hour full time')
('1500.0', '2190.0', '1845.0', 'hour part time')
('5500000.0', '7500000.0', '6500000.0', 'year full time')
('1350.0', '0.0', '1350.0', 'hour full time')
('5500000.0', '7500000.0', '6500000.0', 'year full time')
('1600.0', '1800.0', '1700.0', 'hour full time')
('950.0', '1100.0', '1025.0', 'hour full time')
('9000000.0', '10000000.0', '9500000.0', 'year full time')
('8000000.0', '9000000.0', '8500000.0', 'year full time')
('1950.0', '1950.0', '1950.0', 'hour full time')
('1400.0', '1500.0', '1450.0', 'hour full time')
('5405800.0', '7917400.0', '6661600.0', 'year full time')
('1700.0', '1900.0', '1800.0', 'hour full time')
('3500000.0', '5500000.0', '4500000.0', 'year full time')
('3500.0', '5000.0', '4250.0', 'hour full time temporary')
('4000.0', '0.0', '4000.0', ' full time')
('5400000.0', '6600000.0', '6000000.0', 'year full time')
('1300.0', '1500.0', '1400.0', 'hour full time')
('12000000.0', '0.0', '12000000.0', 'year full time')
('1300.0', '1500.0', '1400.0', 'year full time')
('110000.0', '0.0', '110000.0', 'week full time')
('2500.0', '3500.0', '3000.0', 'hour temporary')
('10000.0', '12000.0', '11000.0', 'hour full time temporary')
('3000.0', '3500.0', '3250.0', 'hour temporary')
('7200000.0', '7500000.0', '7350000.0', 'year full time')
('2200.0', '0.0', '2200.0', 'hour full time')
('17000000.0', '20000000.0', '18500000.0', 'year full time')
('0.0', '2000.0', '2000.0', 'hour full time temporary')
('7500.0', '10000.0', '8750.0', 'hour full time')
('2500.0', '3500.0', '3000.0', 'hour temporary')
('2500.0', '3500.0', '3000.0', 'hour temporary')
('5500.0', '7500.0', '6500.0', 'hour full time temporary')
('5000000.0', '0.0', '5000000.0', 'year full time')
('7000.0', '8000.0', '7500.0', 'hour full time temporary')
('2500.0', '3500.0', '3000.0', 'hour temporary')
('8000000.0', '22000000.0', '15000000.0', 'year full time')
('2600.0', '3200.0', '2900.0', 'hour full time')
('1000.0', '1200.0', '1100.0', 'hour full time')
('7000000.0', '8000000.0', '7500000.0', 'year full time')
('9500000.0', '10500000.0', '10000000.0', 'year full time')
('1200.0', '1400.0', '1300.0', 'hour full time temporary')
('2000.0', '2600.0', '2300.0', 'hour full time temporary')
('12000000.0', '14000000.0', '13000000.0', 'year full time')
('3000.0', '3300.0', '3150.0', 'hour full time temporary')
('7500000.0', '8000000.0', '7750000.0', 'year full time')
('1992.0', '1992.0', '1992.0', 'hour full time')
('7500000.0', '8000000.0', '7750000.0', 'year full time')
('8000000.0', '8500000.0', '8250000.0', 'year full time')
('7500000.0', '8500000.0', '8000000.0', 'year full time')
('10000000.0', '13000000.0', '11500000.0', 'year full time')
('6500000.0', '6500000.0', '6500000.0', 'year full time')
('5000000.0', '6500000.0', '5750000.0', 'year full time')
('2600.0', '3200.0', '2900.0', 'hour per diem')
('7500000.0', '7500000.0', '7500000.0', 'year full time')
('4500.0', '5500.0', '5000.0', 'year full time')
('2400.0', '2400.0', '2400.0', 'hour full time temporary')
('3000.0', '3500.0', '3250.0', 'hour full time temporary')
('10000000.0', '12000000.0', '11000000.0', 'year full time')
('5000000.0', '6000000.0', '5500000.0', 'year full time')
('17500000.0', '17500000.0', '17500000.0', 'year full time')
('6000000.0', '7000000.0', '6500000.0', 'year full time')
('8000000.0', '12500000.0', '10250000.0', 'year full time')
('5500000.0', '7500000.0', '6500000.0', 'year full time')
('9000000.0', '11000000.0', '10000000.0', 'year full time')
('4000000.0', '0.0', '4000000.0', 'year full time')
('12500000.0', '17500000.0', '15000000.0', 'year full time')
('7000.0', '8500.0', '7750.0', 'hour full time')
('8500000.0', '12500000.0', '10500000.0', 'year full time')
('5000000.0', '6000000.0', '5500000.0', 'year full time')
('3500000.0', '4000000.0', '3750000.0', 'year full time')
('5000000.0', '0.0', '5000000.0', 'year full time')
('3500.0', '4000.0', '3750.0', 'hour full time')
('0.0', '12500000.0', '12500000.0', 'year full time')
('401.0', '0.0', '401.0', ' full time')
('4200000.0', '4800000.0', '4500000.0', 'year full time')
('9000000.0', '12000000.0', '10500000.0', 'year full time')
('9000000.0', '11000000.0', '10000000.0', 'year full time')
('11500000.0', '12450000.0', '11975000.0', 'year full time')
('8500000.0', '11000000.0', '9750000.0', 'year full time')
('6000000.0', '7500000.0', '6750000.0', 'year full time')
('3500000.0', '8500000.0', '6000000.0', 'year full time')
('6000000.0', '7000000.0', '6500000.0', 'year full time')
('6500000.0', '12000000.0', '9250000.0', 'year full time')
('3000000.0', '15000000.0', '9000000.0', 'year full time')
('1550.0', '1600.0', '1575.0', 'hour full time')
('10888700.0', '14155500.0', '12522100.0', ' full time')
('4000000.0', '10000000.0', '7000000.0', 'year full time')
('7500000.0', '9000000.0', '8250000.0', 'year full time')
('5000000.0', '15000000.0', '10000000.0', 'year full time')
('4000000.0', '10000000.0', '7000000.0', 'year full time')
('7500000.0', '9000000.0', '8250000.0', 'year full time')
('9500000.0', '11500000.0', '10500000.0', 'year full time')
('4000000.0', '5500000.0', '4750000.0', 'year full time')
('6000000.0', '7500000.0', '6750000.0', 'year full time')
('9500000.0', '11000000.0', '10250000.0', 'year full time')
('7500000.0', '8500000.0', '8000000.0', 'year full time')
('6000000.0', '7500000.0', '6750000.0', 'year full time')
('1800.0', '0.0', '1800.0', ' temporary')
('1100.0', '1300.0', '1200.0', 'year full time')
('1300.0', '0.0', '1300.0', ' full time')
('8000000.0', '9500000.0', '8750000.0', 'year full time')
('2500000.0', '3000000.0', '2750000.0', 'year full time')
('1800.0', '0.0', '1800.0', ' temporary')
('10000.0', '11000.0', '10500.0', 'year full time')
('1400.0', '0.0', '1400.0', ' full time')
('1800.0', '0.0', '1800.0', ' temporary')
('4000000.0', '5500000.0', '4750000.0', 'year ')
('1500.0', '0.0', '1500.0', ' full time')
('100.0', '200.0', '150.0', 'year full time')
('3000000.0', '3500000.0', '3250000.0', 'year full time')
('4300.0', '4600.0', '4450.0', 'hour full time temporary')
('2000.0', '2200.0', '2100.0', 'hour part time')
('3600000.0', '3800000.0', '3700000.0', 'year full time')
('3000000.0', '0.0', '3000000.0', ' full time')
('3200000.0', '4200000.0', '3700000.0', 'year full time')
('9500000.0', '10000000.0', '9750000.0', 'year full time')
('1500.0', '1900.0', '1700.0', 'hour full time')
('5170880.0', '8147547.0', '6659213.5', 'year full time')
('12600600.0', '14177300.0', '13388950.0', 'year psychiatric mental health nurse practition')
('1000.0', '0.0', '1000.0', ' full time')
('1375.0', '1375.0', '1375.0', 'hour full time')
('2000.0', '2200.0', '2100.0', 'hour full time')
('7500000.0', '8500000.0', '8000000.0', 'year full time')
('4800.0', '5500.0', '5150.0', 'hour full time')
('10000000.0', '13500000.0', '11750000.0', 'year full time')
('1000.0', '2500.0', '1750.0', 'hour full time')
('7000000.0', '8500000.0', '7750000.0', 'year full time')
('5000.0', '5500.0', '5250.0', 'hour full time temporary')
('6500.0', '7000.0', '6750.0', 'hour full time')
('1200.0', '1600.0', '1400.0', 'hour part time')
('8400.0', '8750.0', '8575.0', 'hour full time')
('5000000.0', '7000000.0', '6000000.0', 'year full time')
('7000000.0', '0.0', '7000000.0', 'year full time')
('1500.0', '0.0', '1500.0', ' full time')
('1350.0', '0.0', '1350.0', ' full time')
('4500000.0', '6000000.0', '5250000.0', 'year full time')
('3100000.0', '0.0', '3100000.0', ' full time')
('10000000.0', '13000000.0', '11500000.0', 'year full time')
('1400.0', '0.0', '1400.0', ' full time')
('15000000.0', '0.0', '15000000.0', ' full time')
('8500000.0', '10000000.0', '9250000.0', 'year full time')
('6200000.0', '7800000.0', '7000000.0', 'year full time')
('9200000.0', '0.0', '9200000.0', ' full time')
('8000000.0', '9000000.0', '8500000.0', 'year full time')
('5500.0', '6000.0', '5750.0', 'hour full time')
('7500000.0', '8500000.0', '8000000.0', 'year full time')
('3800.0', '4400.0', '4100.0', 'hour full time')
('3500000.0', '4500000.0', '4000000.0', 'year full time')
('2200.0', '0.0', '2200.0', 'hour full time')
('4000.0', '4500.0', '4250.0', 'hour full time')
('5500000.0', '7000000.0', '6250000.0', 'year full time')
('4000000.0', '5000000.0', '4500000.0', 'year full time')
('3250000.0', '3380000.0', '3315000.0', 'year full time')
('6500000.0', '7200000.0', '6850000.0', 'year full time')
('4000.0', '0.0', '4000.0', ' temporary')
('100.0', '100.0', '100.0', 'hour full time temporary')
('8480000.0', '0.0', '8480000.0', 'year full time')
('3000.0', '3300.0', '3150.0', 'hour full time temporary')
('7000000.0', '7500000.0', '7250000.0', 'year full time')
('3500000.0', '5200000.0', '4350000.0', 'year full time')
('1400.0', '0.0', '1400.0', ' full time')
('7000000.0', '9000000.0', '8000000.0', 'year full time')
('5500.0', '0.0', '5500.0', ' temporary')
('4500.0', '5500.0', '5000.0', 'hour full time temporary')
('4000.0', '5500.0', '4750.0', 'year full time')
('9200000.0', '0.0', '9200000.0', ' full time')
('1800.0', '0.0', '1800.0', ' temporary')
('4200.0', '0.0', '4200.0', ' full time')
('7000.0', '8000.0', '7500.0', 'year full time')
('3000.0', '3500.0', '3250.0', 'hour full time')
('1800.0', '2100.0', '1950.0', 'hour full time')
('1300.0', '0.0', '1300.0', 'hour full time')
('4000.0', '4000.0', '4000.0', 'year full time')
('8400000.0', '10400000.0', '9400000.0', 'year full time')
('2500.0', '0.0', '2500.0', ' full time')
('2800000.0', '3200000.0', '3000000.0', 'year full time')
('2002.0', '2002.0', '2002.0', 'hour full time')
('5400000.0', '7500000.0', '6450000.0', 'year full time')
('6400000.0', '9000000.0', '7700000.0', 'year full time')
('7500000.0', '9000000.0', '8250000.0', 'year full time')
('5062700.0', '0.0', '5062700.0', 'year full time')
('3500000.0', '4000000.0', '3750000.0', 'year full time')
('2300.0', '2300.0', '2300.0', 'hour full time')
('3000000.0', '4000000.0', '3500000.0', 'year full time')
('8000000.0', '10000000.0', '9000000.0', 'year full time')
('6000000.0', '0.0', '6000000.0', ' full time')
('4000000.0', '6500000.0', '5250000.0', 'year full time')
('4000.0', '5000.0', '4500.0', 'hour full time')
('1600.0', '1800.0', '1700.0', 'hour full time temporary')
('0.0', '7500000.0', '7500000.0', 'year full time')
('5000000.0', '7000000.0', '6000000.0', 'year full time')
('3500.0', '4000.0', '3750.0', 'hour full time temporary')
('8000000.0', '10500000.0', '9250000.0', 'year full time')
('4000000.0', '10000000.0', '7000000.0', 'year full time')
('4000000.0', '10000000.0', '7000000.0', 'year full time')
('8500000.0', '8500000.0', '8500000.0', 'year full time')
('2500.0', '3500.0', '3000.0', 'hour full time')
('4000000.0', '5000000.0', '4500000.0', 'year full time')
('1625.0', '1625.0', '1625.0', 'hour full time')
('100.0', '100.0', '100.0', 'hour full time temporary')
('100.0', '200.0', '150.0', 'year full time')
('3800000.0', '4800000.0', '4300000.0', 'year full time')
('401.0', '0.0', '401.0', ' full time')
('4200000.0', '4500000.0', '4350000.0', 'year full time')
('1400.0', '1800.0', '1600.0', 'hour full time')
('4200000.0', '4500000.0', '4350000.0', 'year full time')
('5500000.0', '6000000.0', '5750000.0', 'year full time')
('2550.0', '2550.0', '2550.0', 'hour full time temporary')
('15000000.0', '15500000.0', '15250000.0', 'year full time')
('7500000.0', '9000000.0', '8250000.0', 'year full time')
('4200000.0', '4500000.0', '4350000.0', 'year full time')
('8206400.0', '10668300.0', '9437350.0', 'year full time')
('0.0', '1800.0', '1800.0', 'hour full time')
('1200.0', '1300.0', '1250.0', 'hour full time')
('1400.0', '1600.0', '1500.0', 'hour full time')
('6000000.0', '7000000.0', '6500000.0', 'year full time')
('4200000.0', '4500000.0', '4350000.0', 'year full time')
('3300.0', '3300.0', '3300.0', 'hour full time temporary')
('2056.0', '2481.0', '2268.5', 'hour full time')
('4000000.0', '6000000.0', '5000000.0', 'year full time')
('2250.0', '2250.0', '2250.0', 'hour full time temporary')
('401.0', '0.0', '401.0', ' full time')
('3500000.0', '6000000.0', '4750000.0', 'year full time')
('3500000.0', '4500000.0', '4000000.0', 'year full time')
('2000.0', '2200.0', '2100.0', 'hour full time')
('4500000.0', '5000000.0', '4750000.0', 'year full time')
('4200000.0', '4800000.0', '4500000.0', 'year full time')
('6000000.0', '0.0', '6000000.0', 'year full time')
('6000000.0', '0.0', '6000000.0', 'year full time')
('5000000.0', '6000000.0', '5500000.0', 'year full time')
('6000.0', '7000.0', '6500.0', 'hour full time')
('4200000.0', '4500000.0', '4350000.0', 'year full time')
('4200000.0', '4500000.0', '4350000.0', 'year full time')
('5100000.0', '5100000.0', '5100000.0', 'year full time')
('5500000.0', '6000000.0', '5750000.0', 'year full time')
('4500000.0', '6000000.0', '5250000.0', 'year full time')
('0.0', '5000000.0', '5000000.0', 'year full time')
('900.0', '1100.0', '1000.0', 'hour full time')
('2000.0', '2500.0', '2250.0', 'hour part time')
('5000000.0', '15000000.0', '10000000.0', 'year full time')
('1674.0', '2678.0', '2176.0', 'hour full time')
('4200000.0', '4500000.0', '4350000.0', 'year full time')
('4800000.0', '5400000.0', '5100000.0', 'year full time')
('3500000.0', '4000000.0', '3750000.0', 'year full time')
('1200.0', '1500.0', '1350.0', 'hour part time')
('3500000.0', '3500000.0', '3500000.0', 'year full time')
('1000.0', '1300.0', '1150.0', 'hour full time')
('1632.0', '1837.0', '1734.5', 'hour part time')
('5000000.0', '5500000.0', '5250000.0', 'year full time')
('1400.0', '1800.0', '1600.0', 'hour part time')
('5000000.0', '7000000.0', '6000000.0', 'year full time')
('15000000.0', '15100000.0', '15050000.0', 'year full time')
('1000.0', '1300.0', '1150.0', 'hour full time')
('4200000.0', '4500000.0', '4350000.0', 'year full time')
('2000.0', '3000.0', '2500.0', 'hour full time')
('11000000.0', '13000000.0', '12000000.0', 'year full time')
('3500000.0', '5000000.0', '4250000.0', 'year full time')
('2500000.0', '5000000.0', '3750000.0', 'year full time')
('2000.0', '2100.0', '2050.0', 'hour full time temporary')
('4200000.0', '4500000.0', '4350000.0', 'year full time')
('6000000.0', '6000000.0', '6000000.0', 'year full time')
('4000000.0', '5000000.0', '4500000.0', 'year full time')
('3000000.0', '5500000.0', '4250000.0', 'year full time')
('1500.0', '1550.0', '1525.0', 'year full time')
('1000.0', '1400.0', '1200.0', 'hour full time')
('1000.0', '1500.0', '1250.0', 'hour full time')
('0.0', '2300.0', '2300.0', 'hour full time')
('1000.0', '1300.0', '1150.0', 'hour part time')
('3500000.0', '4500000.0', '4000000.0', 'year full time')
('8000000.0', '9500000.0', '8750000.0', 'year full time')
('4200000.0', '4500000.0', '4350000.0', 'year full time')
('1400.0', '1700.0', '1550.0', 'hour full time')
('1650.0', '0.0', '1650.0', 'year full time')
('3500000.0', '0.0', '3500000.0', ' full time')
('1300.0', '2000.0', '1650.0', 'hour full time')
('6500000.0', '8000000.0', '7250000.0', 'year full time')
('13000000.0', '15000000.0', '14000000.0', 'year full time')
('2500000.0', '3000000.0', '2750000.0', 'year full time')
('6000000.0', '0.0', '6000000.0', ' full time')
('6000000.0', '7500000.0', '6750000.0', 'year full time')
('4000000.0', '0.0', '4000000.0', ' full time')
('9500000.0', '12500000.0', '11000000.0', 'year full time temporary')
('3500000.0', '0.0', '3500000.0', 'year full time')
('5000000.0', '6500000.0', '5750000.0', 'year full time')
('5500000.0', '0.0', '5500000.0', ' full time')
('4000000.0', '4500000.0', '4250000.0', 'year full time')
('11000000.0', '13000000.0', '12000000.0', 'year full time')
('4500000.0', '0.0', '4500000.0', ' full time')
('3500000.0', '4000000.0', '3750000.0', 'year full time')
('8000000.0', '9000000.0', '8500000.0', 'year full time')
('6271700.0', '0.0', '6271700.0', 'year full time')
('3500000.0', '0.0', '3500000.0', 'year full time')
('6000000.0', '0.0', '6000000.0', ' full time')
('3200000.0', '0.0', '3200000.0', ' full time')
('3000.0', '4000.0', '3500.0', 'hour full time')
('13500000.0', '15000000.0', '14250000.0', 'year full time')
('5500000.0', '7500000.0', '6500000.0', 'year full time')
('3236.0', '3236.0', '3236.0', 'hour full time')
('5500000.0', '6500000.0', '6000000.0', 'year full time')
('6000000.0', '7000000.0', '6500000.0', 'year full time')
('5000000.0', '6500000.0', '5750000.0', 'year full time')
('2900000.0', '3000000.0', '2950000.0', 'year full time')
('1000.0', '1500.0', '1250.0', 'hour full time')
('21500000.0', '0.0', '21500000.0', 'year full time')
('4000000.0', '0.0', '4000000.0', ' full time')
('1200.0', '1500.0', '1350.0', 'hour full time')
('1200.0', '0.0', '1200.0', 'year full time')
('1200.0', '1200.0', '1200.0', 'hour full time')
('6000000.0', '0.0', '6000000.0', ' full time')
('3500000.0', '5000000.0', '4250000.0', 'year full time')
('3300000.0', '3550000.0', '3425000.0', 'year full time')
('7000000.0', '9000000.0', '8000000.0', 'year full time')
('1800.0', '2000.0', '1900.0', 'hour full time')
('2750.0', '3300.0', '3025.0', 'hour full time')
('3600000.0', '3800000.0', '3700000.0', 'year full time')
('2900000.0', '3300000.0', '3100000.0', 'year full time')
('1600.0', '1900.0', '1750.0', 'hour full time')
('7000000.0', '7000000.0', '7000000.0', 'year full time')
('1800.0', '2000.0', '1900.0', 'hour full time')
('6500000.0', '0.0', '6500000.0', ' temporary')
('15000000.0', '30000000.0', '22500000.0', 'year full time')
('6500000.0', '0.0', '6500000.0', ' full time')
('6500000.0', '0.0', '6500000.0', 'year full time')
('12500000.0', '14000000.0', '13250000.0', 'year full time')
('1200.0', '1200.0', '1200.0', 'hour full time')
('1000.0', '2000.0', '1500.0', 'hour full time')
('1600.0', '0.0', '1600.0', ' temporary')
('12500000.0', '0.0', '12500000.0', ' full time')
('4000000.0', '5500000.0', '4750000.0', 'year full time')
('5500000.0', '7500000.0', '6500000.0', 'year full time')
('4200000.0', '0.0', '4200000.0', ' temporary')
('6500000.0', '7500000.0', '7000000.0', 'year full time')
('0.0', '1500.0', '1500.0', 'hour full time')
('3000000.0', '0.0', '3000000.0', 'year full time')
('4500000.0', '5700000.0', '5100000.0', 'year full time')
('4500000.0', '5500000.0', '5000000.0', 'year full time')
('2000.0', '0.0', '2000.0', ' full time')
('4500000.0', '5400000.0', '4950000.0', 'year full time')
('1100.0', '1600.0', '1350.0', 'hour full time')
('5000000.0', '0.0', '5000000.0', ' full time')
('4000000.0', '5000000.0', '4500000.0', 'year full time')
('1500.0', '1900.0', '1700.0', 'hour full time')
('3000000.0', '4000000.0', '3500000.0', 'year full time')
('4000000.0', '5500000.0', '4750000.0', 'year full time')
('4000000.0', '5000000.0', '4500000.0', 'year full time')
('2000.0', '0.0', '2000.0', ' full time')
('14000000.0', '16000000.0', '15000000.0', 'year full time')
('5800.0', '0.0', '5800.0', ' temporary')
('4000000.0', '5000000.0', '4500000.0', 'year full time')
('4500000.0', '0.0', '4500000.0', ' full time')
('3300000.0', '0.0', '3300000.0', 'year full time')
('8500000.0', '10000000.0', '9250000.0', 'year full time')
('3000.0', '3500.0', '3250.0', 'hour full time')
('7000000.0', '9000000.0', '8000000.0', 'year full time')
('4500000.0', '0.0', '4500000.0', ' full time')
('6000000.0', '7000000.0', '6500000.0', 'year full time')
('11000000.0', '14000000.0', '12500000.0', 'year full time')
('436239.0', '544557.0', '490398.0', 'mont full time')
('3500000.0', '3500000.0', '3500000.0', 'year full time')
('3000000.0', '4000000.0', '3500000.0', 'year full time')
('1150.0', '0.0', '1150.0', 'hour full time')
('5000.0', '6000.0', '5500.0', 'hour full time temporary')
('0.0', '2000.0', '2000.0', 'hour full time')
('5500.0', '6500.0', '6000.0', 'hour full time')
('3000.0', '3200.0', '3100.0', 'hour full time')
('3500000.0', '4000000.0', '3750000.0', 'year full time')
('1800.0', '2200.0', '2000.0', 'hour full time')
('10000000.0', '11000000.0', '10500000.0', 'year full time')
('7500000.0', '9000000.0', '8250000.0', 'year full time')
('6000000.0', '6500000.0', '6250000.0', 'year full time')
('1800.0', '2500.0', '2150.0', 'hour full time')
('2423.0', '2986.0', '2704.5', 'year full time')
('10000000.0', '12000000.0', '11000000.0', 'year full time')
('8000000.0', '10000000.0', '9000000.0', 'year full time')
('9000000.0', '12000000.0', '10500000.0', 'year full time')
('4080000.0', '0.0', '4080000.0', 'year full time')
('6500000.0', '7500000.0', '7000000.0', 'year full time')
('605.0', '1225.0', '915.0', 'hour part time')
('3000000.0', '7500000.0', '5250000.0', 'year full time')
('1474.0', '1474.0', '1474.0', 'hour full time')
('0.0', '3900.0', '3900.0', 'hour full time temporary')
('1600.0', '1600.0', '1600.0', 'hour full time temporary')
('0.0', '4500000.0', '4500000.0', 'year full time')
('1500.0', '2000.0', '1750.0', 'hour full time')
('1400.0', '1600.0', '1500.0', 'hour full time')
('12000000.0', '15000000.0', '13500000.0', 'year full time')
('10000000.0', '11000000.0', '10500000.0', 'year full time')
('0.0', '12000000.0', '12000000.0', 'year full time')
('10000000.0', '18500000.0', '14250000.0', 'year full time')
('10000000.0', '12000000.0', '11000000.0', 'hour full time temporary')
('9000000.0', '10000000.0', '9500000.0', 'year full time')
('2500.0', '2500.0', '2500.0', 'hour full time temporary')
('2200.0', '2200.0', '2200.0', 'hour full time temporary')
('1300.0', '0.0', '1300.0', 'hour full time')
('6000000.0', '7000000.0', '6500000.0', 'year full time')
('7500000.0', '15000000.0', '11250000.0', 'year full time')
('1500.0', '1500.0', '1500.0', 'hour full time')
('8000000.0', '9000000.0', '8500000.0', 'year full time')
('5720000.0', '6240000.0', '5980000.0', 'year full time')
('1000.0', '0.0', '1000.0', 'hour full time')
('6500000.0', '7000000.0', '6750000.0', 'year full time')
('401.0', '0.0', '401.0', ' full time')
('1300.0', '1500.0', '1400.0', 'year full time')
('2700.0', '2736.0', '2718.0', 'hour full time')
('5400000.0', '0.0', '5400000.0', ' full time')
('1050.0', '0.0', '1050.0', 'hour full time')
('8500000.0', '0.0', '8500000.0', ' full time')
('4000000.0', '0.0', '4000000.0', ' full time')
('1500.0', '0.0', '1500.0', ' temporary')
('1300.0', '1900.0', '1600.0', 'hour full time')
('1422.0', '1636.0', '1529.0', 'hour full time')
('3500.0', '4000.0', '3750.0', 'hour full time temporary')
('6500000.0', '7000000.0', '6750000.0', 'year full time')
('7500000.0', '7500000.0', '7500000.0', 'year full time')
('0.0', '96000.0', '96000.0', ' full time')
('3800000.0', '4500000.0', '4150000.0', 'year full time')
('10000000.0', '13500000.0', '11750000.0', 'year full time')
('0.0', '3500.0', '3500.0', 'hour full time temporary')
('2700000.0', '2900000.0', '2800000.0', 'year full time')
('2900.0', '0.0', '2900.0', ' full time')
('4500000.0', '6500000.0', '5500000.0', 'year full time')
('6000000.0', '0.0', '6000000.0', ' full time')
('12500000.0', '17500000.0', '15000000.0', 'year full time')
('5000000.0', '7500000.0', '6250000.0', 'year full time')
('4200000.0', '5200000.0', '4700000.0', 'year full time')
('4000000.0', '7500000.0', '5750000.0', 'year full time')
('1500.0', '0.0', '1500.0', ' temporary')
('1300.0', '0.0', '1300.0', ' temporary')
('7000000.0', '11000000.0', '9000000.0', 'year full time')
('4000000.0', '0.0', '4000000.0', ' temporary')
('1500.0', '0.0', '1500.0', ' temporary')
('1000.0', '0.0', '1000.0', ' full time')
('1700.0', '2200.0', '1950.0', 'hour full time')
('2000000.0', '3000000.0', '2500000.0', 'year full time')
('3700000.0', '6500000.0', '5100000.0', 'year full time')
('3000000.0', '0.0', '3000000.0', ' full time')
('994.0', '0.0', '994.0', ' full time')
('1500.0', '0.0', '1500.0', ' temporary')
('1200.0', '0.0', '1200.0', 'hour full time')
('1400.0', '0.0', '1400.0', ' temporary')
('3800000.0', '4500000.0', '4150000.0', 'year full time')
('900.0', '1300.0', '1100.0', 'hour full time')
('7000000.0', '9500000.0', '8250000.0', 'year full time')
('4500000.0', '5500000.0', '5000000.0', 'year full time')
('1600.0', '0.0', '1600.0', ' temporary')
('3100000.0', '0.0', '3100000.0', ' temporary')
('1075.0', '1075.0', '1075.0', 'hour part time')
('8500000.0', '12000000.0', '10250000.0', 'year full time')
('3500.0', '4600.0', '4050.0', 'hour full time temporary')
('5000000.0', '7500000.0', '6250000.0', 'year full time')
('2500.0', '2500.0', '2500.0', 'hour full time temporary')
('1000.0', '0.0', '1000.0', ' temporary')
('8000000.0', '9000000.0', '8500000.0', 'year full time')
('1500.0', '0.0', '1500.0', ' full time')
('5000000.0', '0.0', '5000000.0', ' full time')
('1378.0', '1660.0', '1519.0', 'hour full time')
('1422.0', '1636.0', '1529.0', 'hour part time')
('5000000.0', '15000000.0', '10000000.0', 'year full time')
('2000.0', '0.0', '2000.0', ' temporary')
('3000000.0', '3500000.0', '3250000.0', 'year full time')
('1500.0', '1500.0', '1500.0', 'hour full time')
('2500000.0', '0.0', '2500000.0', 'year full time')
('1100.0', '0.0', '1100.0', ' temporary')
('20000000.0', '35000000.0', '27500000.0', 'year full time')
('0.0', '2215.0', '2215.0', 'hour full time')
('5144600.0', '0.0', '5144600.0', 'year full time')
('1924.0', '0.0', '1924.0', ' full time')
('8500000.0', '9000000.0', '8750000.0', 'year full time')
('3200.0', '3500.0', '3350.0', 'hour part time')
('3000.0', '3600.0', '3300.0', 'hour full time')
('12200000.0', '15300000.0', '13750000.0', 'year full time')
('1400.0', '0.0', '1400.0', ' full time')
('5000000.0', '7500000.0', '6250000.0', 'year full time')
('1924.0', '0.0', '1924.0', ' full time')
('1200.0', '0.0', '1200.0', 'hour part time')
('15500000.0', '18000000.0', '16750000.0', 'year full time')
('5000000.0', '6500000.0', '5750000.0', 'year full time')
('3000.0', '4000.0', '3500.0', 'hour full time')
('1200.0', '1600.0', '1400.0', 'hour part time')
('1500.0', '0.0', '1500.0', ' full time')
('0.0', '2215.0', '2215.0', 'hour full time')
('9500000.0', '10000000.0', '9750000.0', 'year full time')
('1300.0', '1500.0', '1400.0', 'year full time')
('6340000.0', '8685800.0', '7512900.0', 'year full time')
('9000000.0', '11000000.0', '10000000.0', 'year full time')
('5000000.0', '15000000.0', '10000000.0', 'year full time')
('1100.0', '1400.0', '1250.0', 'hour full time')
('1000.0', '1100.0', '1050.0', 'hour full time')
('5000000.0', '20000000.0', '12500000.0', 'year full time')
('4300000.0', '4300000.0', '4300000.0', 'year full time')
('7500000.0', '8500000.0', '8000000.0', 'year full time')
('5000000.0', '6000000.0', '5500000.0', 'year full time')
('0.0', '1800.0', '1800.0', 'hour full time temporary')
('8000000.0', '10000000.0', '9000000.0', 'year full time')
('8000000.0', '13000000.0', '10500000.0', 'year full time')
('7000000.0', '12000000.0', '9500000.0', 'year full time')
('4060000.0', '6760000.0', '5410000.0', 'year full time')
('3500000.0', '5500000.0', '4500000.0', 'year full time')
('3500000.0', '4500000.0', '4000000.0', 'year full time')
('1400.0', '0.0', '1400.0', 'hour full time')
('8000000.0', '10000000.0', '9000000.0', 'year full time')
('8500000.0', '10000000.0', '9250000.0', 'year full time')
('8000000.0', '11000000.0', '9500000.0', 'year full time')
('3720000.0', '5030000.0', '4375000.0', 'year full time')
('1500.0', '1700.0', '1600.0', 'hour full time')
('9000000.0', '0.0', '9000000.0', ' full time')
('0.0', '4500000.0', '4500000.0', 'year full time')
('1200.0', '1500.0', '1350.0', 'hour full time')
('5000000.0', '7000000.0', '6000000.0', 'year full time')
('3500.0', '3800.0', '3650.0', 'hour part time')
('100.0', '0.0', '100.0', ' full time')
('1400.0', '1500.0', '1450.0', 'year full time')
('8000000.0', '10000000.0', '9000000.0', 'year full time')
('3400.0', '0.0', '3400.0', 'hour full time')
('7000000.0', '8500000.0', '7750000.0', 'year full time')
('1500.0', '1500.0', '1500.0', 'hour full time temporary')
('6500000.0', '9500000.0', '8000000.0', 'year full time')
('8500.0', '0.0', '8500.0', 'year full time')
('8000000.0', '9500000.0', '8750000.0', 'year full time')
('0.0', '8500000.0', '8500000.0', 'year full time')
('2600000.0', '5000000.0', '3800000.0', 'year full time')
('1800.0', '2400.0', '2100.0', 'hour full time')
('1600.0', '2000.0', '1800.0', 'hour full time')
('401.0', '0.0', '401.0', ' full time')
('1075.0', '1175.0', '1125.0', 'hour part time')
('60000.0', '80000.0', '70000.0', 'week full time')
('4000000.0', '5000000.0', '4500000.0', 'year full time')
('4500000.0', '5500000.0', '5000000.0', 'year full time')
('1200.0', '2000.0', '1600.0', 'hour full time')
('0.0', '3500.0', '3500.0', 'hour full time')
('1400.0', '1900.0', '1650.0', 'hour full time')
('1300.0', '1500.0', '1400.0', 'hour full time')
('3500000.0', '4500000.0', '4000000.0', 'year full time')
('0.0', '850.0', '850.0', 'hour full time')
('3000000.0', '3500000.0', '3250000.0', 'year full time')
('3000000.0', '7000000.0', '5000000.0', 'year full time')
('3500000.0', '8500000.0', '6000000.0', 'year full time')
('1250.0', '1350.0', '1300.0', 'hour full time')
('3200000.0', '3600000.0', '3400000.0', 'year full time')
('8349600.0', '9666000.0', '9007800.0', 'year full time')
('3500000.0', '5000000.0', '4250000.0', 'year full time')
('1450.0', '0.0', '1450.0', 'hour full time')
('1600.0', '1800.0', '1700.0', 'hour full time')
('1500.0', '1550.0', '1525.0', 'hour full time')
('11500000.0', '12000000.0', '11750000.0', 'year full time')
('1200.0', '1700.0', '1450.0', 'hour full time')
('2000.0', '3100.0', '2550.0', 'hour full time')
('2000.0', '2300.0', '2150.0', 'hour full time')
('1800.0', '2200.0', '2000.0', 'hour full time')
('1025.0', '0.0', '1025.0', 'hour full time')
('3500000.0', '4000000.0', '3750000.0', 'year full time')
('2500.0', '3000.0', '2750.0', 'hour full time')
('1575.0', '1700.0', '1637.5', 'hour full time')
('3000000.0', '10000000.0', '6500000.0', 'year full time')
('2100.0', '2300.0', '2200.0', 'year full time')
('9000000.0', '10000000.0', '9500000.0', 'year full time')
('2500000.0', '4000000.0', '3250000.0', 'year full time')
('1085.0', '1185.0', '1135.0', 'hour full time')
('4500000.0', '6000000.0', '5250000.0', 'year full time')
('4500000.0', '5000000.0', '4750000.0', 'year full time')
('6200000.0', '7800000.0', '7000000.0', 'year cut up superintendent ')
('50.0', '0.0', '50.0', ' full time')
('1200.0', '1700.0', '1450.0', 'year full time')
('3100000.0', '0.0', '3100000.0', 'year full time')
('2500.0', '2500.0', '2500.0', 'hour full time')
('60000.0', '80000.0', '70000.0', 'week full time')
('6500000.0', '6800000.0', '6650000.0', 'year full time')
('1200.0', '1500.0', '1350.0', 'hour full time')
('1150.0', '1200.0', '1175.0', 'hour full time')
('3000000.0', '5000000.0', '4000000.0', 'year full time')
('1300.0', '1500.0', '1400.0', 'hour full time')
('1800.0', '2500.0', '2150.0', 'hour full time')
('6500000.0', '0.0', '6500000.0', ' full time')
('2800000.0', '3500000.0', '3150000.0', 'year full time')
('4500000.0', '5500000.0', '5000000.0', 'year full time')
('1550.0', '1550.0', '1550.0', 'hour full time')
('2200.0', '2400.0', '2300.0', 'hour full time')
('1800.0', '2500.0', '2150.0', 'hour full time')
('1000.0', '1250.0', '1125.0', 'hour full time')
('3500000.0', '0.0', '3500000.0', ' temporary')
('1450.0', '1450.0', '1450.0', 'hour full time')
('1400.0', '0.0', '1400.0', ' temporary')
('1600.0', '1900.0', '1750.0', 'hour full time')
('2000.0', '2400.0', '2200.0', 'hour full time')
('1500.0', '3000.0', '2250.0', 'hour full time')
('1066.0', '1254.0', '1160.0', 'hour ')
('1800.0', '2200.0', '2000.0', 'hour full time')
('1600.0', '2100.0', '1850.0', 'year full time')
('7000000.0', '9500000.0', '8250000.0', 'year full time')
('1100.0', '1100.0', '1100.0', 'hour full time')
('2100.0', '2400.0', '2250.0', 'year full time')
('1734.0', '2062.0', '1898.0', 'hour full time')
('1500.0', '2000.0', '1750.0', 'hour full time')
('2000000.0', '6000000.0', '4000000.0', 'year full time')
('1815.0', '1915.0', '1865.0', 'hour full time')
('2500000.0', '7500000.0', '5000000.0', 'year full time')
('1200.0', '2200.0', '1700.0', 'hour full time')
('4500000.0', '5500000.0', '5000000.0', 'year full time')
('3500000.0', '0.0', '3500000.0', 'year full time')
('1100.0', '1150.0', '1125.0', 'hour full time')
('1600.0', '1800.0', '1700.0', 'hour full time')
('2056.0', '2481.0', '2268.5', 'hour full time')
('0.0', '1200.0', '1200.0', 'hour full time')
('1774.0', '2613.0', '2193.5', 'hour full time')
('7500000.0', '8500000.0', '8000000.0', 'year full time')
('1100.0', '1200.0', '1150.0', 'hour full time')
('5000000.0', '7500000.0', '6250000.0', 'year full time')
('1800.0', '2000.0', '1900.0', 'hour full time')
('1300.0', '2000.0', '1650.0', 'hour full time')
('1833.0', '2751.0', '2292.0', 'hour full time')
('10000000.0', '0.0', '10000000.0', ' full time')
('6500000.0', '7000000.0', '6750000.0', 'year full time')
('2500.0', '3500.0', '3000.0', 'hour full time')
('0.0', '2950.0', '2950.0', 'hour full time')
('928.0', '1400.0', '1164.0', 'hour full time')
('1800.0', '2100.0', '1950.0', 'hour full time')
('4000000.0', '8000000.0', '6000000.0', 'year full time')
('1900.0', '3000.0', '2450.0', 'hour full time')
('4500000.0', '5500000.0', '5000000.0', 'year full time')
('6500000.0', '7500000.0', '7000000.0', 'year full time')
('1400.0', '1500.0', '1450.0', 'year full time')
('2100.0', '3000.0', '2550.0', 'year full time')
('1200.0', '1200.0', '1200.0', 'hour full time')
('1100.0', '1400.0', '1250.0', 'hour full time')
('6000000.0', '7000000.0', '6500000.0', 'year full time')
('1540.0', '1540.0', '1540.0', 'hour full time')
('2000.0', '0.0', '2000.0', ' temporary')
('1599.0', '2398.0', '1998.5', 'hour full time')
('3500000.0', '15000000.0', '9250000.0', 'year full time')
('5500000.0', '5500000.0', '5500000.0', 'year full time')
('1100.0', '1100.0', '1100.0', 'hour full time')
('4160000.0', '5400000.0', '4780000.0', 'year full time')
('7198800.0', '8334000.0', '7766400.0', 'year full time')
('1400.0', '2000.0', '1700.0', 'hour full time')
('1800.0', '2100.0', '1950.0', 'hour full time temporary')
('4500000.0', '6500000.0', '5500000.0', 'year full time')
('1200.0', '1300.0', '1250.0', 'hour full time')
('5000000.0', '5000000.0', '5000000.0', 'year full time')
('900.0', '900.0', '900.0', 'year full time')
('5000000.0', '6000000.0', '5500000.0', 'year full time')
('1300.0', '1500.0', '1400.0', 'hour full time')
('2000.0', '2800.0', '2400.0', 'hour full time')
('2000.0', '2500.0', '2250.0', 'hour full time')
('1800.0', '2300.0', '2050.0', 'hour full time')
('1965.0', '2065.0', '2015.0', 'hour full time')
('1100.0', '1625.0', '1362.5', 'hour full time')
('9500000.0', '10500000.0', '10000000.0', 'year full time')
('1800.0', '2500.0', '2150.0', 'hour full time')
('5200000.0', '6000000.0', '5600000.0', 'year full time')
('5100000.0', '5700000.0', '5400000.0', 'year full time')
('2000.0', '2500.0', '2250.0', 'hour full time')
('1400.0', '2200.0', '1800.0', 'hour full time')
('8000000.0', '15000000.0', '11500000.0', 'year full time')
('1500.0', '3500.0', '2500.0', 'hour full time')
('3200000.0', '4000000.0', '3600000.0', 'year full time')
('1200.0', '2000.0', '1600.0', 'hour full time')
('1300.0', '1400.0', '1350.0', 'hour full time')
('4000000.0', '5000000.0', '4500000.0', 'year full time')
('4000000.0', '8500000.0', '6250000.0', 'year full time')
('3200000.0', '4000000.0', '3600000.0', 'year full time')
('2500.0', '0.0', '2500.0', 'hour full time')
('5000000.0', '7000000.0', '6000000.0', 'year full time')
('6000000.0', '8500000.0', '7250000.0', 'year full time')
('7000000.0', '8500000.0', '7750000.0', 'year full time')
('1760.0', '1760.0', '1760.0', 'hour full time')
('1200.0', '1200.0', '1200.0', 'hour full time')
('1600.0', '1800.0', '1700.0', 'hour full time')
('1500.0', '1750.0', '1625.0', 'hour full time')
('1100.0', '1350.0', '1225.0', 'hour full time')
('3800000.0', '0.0', '3800000.0', ' full time')
('0.0', '2.0', '2.0', ' full time')
('1250.0', '1350.0', '1300.0', 'hour full time')
('1300.0', '0.0', '1300.0', 'hour full time')
('1200.0', '1400.0', '1300.0', 'hour full time')
('4000000.0', '5500000.0', '4750000.0', 'year full time')
('1000.0', '1500.0', '1250.0', 'hour full time')
('7500000.0', '8500000.0', '8000000.0', 'year full time')
('12000000.0', '13000000.0', '12500000.0', 'year full time')
('2000.0', '3100.0', '2550.0', 'hour full time')
('1200.0', '0.0', '1200.0', 'hour full time')
('1800.0', '2000.0', '1900.0', 'hour full time')
('1400.0', '1400.0', '1400.0', 'hour full time')
('1400.0', '1800.0', '1600.0', 'hour full time')
('4000000.0', '0.0', '4000000.0', ' full time')
('11000000.0', '14000000.0', '12500000.0', 'year full time')
('6500000.0', '7000000.0', '6750000.0', 'year full time')
('12000000.0', '0.0', '12000000.0', ' full time')
('2000000.0', '3500000.0', '2750000.0', 'year full time')
('1050.0', '1255.0', '1152.5', 'hour full time')
('1300.0', '1800.0', '1550.0', 'hour full time')
('1100.0', '1400.0', '1250.0', 'hour full time temporary')
('1152.0', '0.0', '1152.0', 'hour full time')
('1700.0', '1800.0', '1750.0', 'hour full time')
('874.0', '0.0', '874.0', 'hour full time')
('5000000.0', '6500000.0', '5750000.0', 'year full time')
('1900.0', '2200.0', '2050.0', 'hour full time temporary')
('4500000.0', '5000000.0', '4750000.0', 'year full time')
('1500.0', '1700.0', '1600.0', 'hour full time')
('5500000.0', '6000000.0', '5750000.0', 'year full time')
('4500000.0', '4500000.0', '4500000.0', 'year full time')
('8000000.0', '9000000.0', '8500000.0', 'year full time')
('3500000.0', '4000000.0', '3750000.0', 'year full time')
('5000000.0', '0.0', '5000000.0', 'year full time')
('1540.0', '1540.0', '1540.0', 'hour full time')
('2000.0', '2500.0', '2250.0', 'hour full time')
('1600.0', '1800.0', '1700.0', 'hour full time')
('900.0', '5000.0', '2950.0', 'year full time')
('6500000.0', '8000000.0', '7250000.0', 'year full time')
('1200.0', '1500.0', '1350.0', 'hour full time')
('2200.0', '2500.0', '2350.0', 'hour full time temporary')
('1000.0', '1000.0', '1000.0', 'hour full time')
('5800000.0', '6800000.0', '6300000.0', 'year full time')
('1310.0', '1620.0', '1465.0', 'hour full time')
('6000000.0', '7000000.0', '6500000.0', 'hour full time')
('838.0', '1100.0', '969.0', 'hour full time')
('1021.0', '1201.0', '1111.0', ' full time')
('8000000.0', '11000000.0', '9500000.0', 'year full time')
('2292.0', '2695.0', '2493.5', 'hour full time')
('3100000.0', '4600000.0', '3850000.0', 'year full time')
('6500.0', '7500.0', '7000.0', 'year full time')
('1200.0', '0.0', '1200.0', 'hour full time')
('0.0', '2.0', '2.0', ' full time')
('1000.0', '1300.0', '1150.0', 'hour full time')
('3100.0', '3500.0', '3300.0', 'hour full time')
('6000000.0', '10000000.0', '8000000.0', 'year full time')
('4500.0', '5400.0', '4950.0', 'year full time')
('1650.0', '2500.0', '2075.0', 'hour full time')
('2856.0', '4383.0', '3619.5', 'hour full time')
('3500000.0', '4500000.0', '4000000.0', 'year full time')
('8500000.0', '8500000.0', '8500000.0', 'year full time')
('100.0', '100.0', '100.0', 'hour full time temporary')
('1800.0', '2400.0', '2100.0', 'year full time')
('8000000.0', '9500000.0', '8750000.0', 'year full time')
('5000.0', '5500.0', '5250.0', 'hour full time temporary')
('7000000.0', '7500000.0', '7250000.0', 'year full time')
('9500000.0', '11400000.0', '10450000.0', 'year full time')
('1350.0', '1350.0', '1350.0', 'hour full time')
('3600000.0', '3700000.0', '3650000.0', 'year full time')
('4500000.0', '0.0', '4500000.0', ' full time')
('1300.0', '1600.0', '1450.0', 'hour full time')
('4000000.0', '10000000.0', '7000000.0', 'year full time')
('4000000.0', '10000000.0', '7000000.0', 'year full time')
('4000000.0', '10000000.0', '7000000.0', 'year full time')
('4000000.0', '10000000.0', '7000000.0', 'year full time')
('4000000.0', '10000000.0', '7000000.0', 'year full time')
('4000000.0', '10000000.0', '7000000.0', 'year full time')
('4000000.0', '10000000.0', '7000000.0', 'year full time')
('4000000.0', '10000000.0', '7000000.0', 'year full time')
('4000000.0', '10000000.0', '7000000.0', 'year full time')
('4000000.0', '10000000.0', '7000000.0', 'year full time')
('4000000.0', '10000000.0', '7000000.0', 'year full time')
('4000000.0', '10000000.0', '7000000.0', 'year full time')
('4000000.0', '10000000.0', '7000000.0', 'year full time')
('4000000.0', '10000000.0', '7000000.0', 'year full time')
('4000000.0', '10000000.0', '7000000.0', 'year full time')
('4000000.0', '10000000.0', '7000000.0', 'year full time')
('1800.0', '1900.0', '1850.0', 'hour full time temporary')
('4000000.0', '10000000.0', '7000000.0', 'year full time')
('8000000.0', '10000000.0', '9000000.0', 'year full time')
('3333.0', '4530.0', '3931.5', 'hour full time temporary')
('8000000.0', '9500000.0', '8750000.0', 'year full time')
('6500000.0', '7500000.0', '7000000.0', 'year full time')
('1909.0', '0.0', '1909.0', 'hour full time')
('2623500.0', '3107500.0', '2865500.0', 'year full time')
('5079360.0', '6477120.0', '5778240.0', 'year full time')
('4200000.0', '5500000.0', '4850000.0', 'year full time')
('1600.0', '2000.0', '1800.0', 'hour full time')
('1700.0', '2500.0', '2100.0', 'hour full time')
('0.0', '50000000.0', '50000000.0', 'year full time')
('0.0', '4500000.0', '4500000.0', 'year full time')
('1800.0', '2000.0', '1900.0', 'hour full time temporary')
('8500000.0', '10000000.0', '9250000.0', 'year full time')
('5500000.0', '6500000.0', '6000000.0', 'year full time')
('1300.0', '1300.0', '1300.0', 'hour full time')
('1339.0', '1942.0', '1640.5', 'hour full time')
('2800.0', '3200.0', '3000.0', 'hour full time')
('2600.0', '2600.0', '2600.0', 'hour full time temporary')
('4000000.0', '6000000.0', '5000000.0', 'year full time')
('5000000.0', '6000000.0', '5500000.0', 'year full time')
('3100.0', '3100.0', '3100.0', 'hour full time temporary')
('12000000.0', '13000000.0', '12500000.0', 'year full time')
('5000000.0', '20000000.0', '12500000.0', 'year full time')
('0.0', '2500.0', '2500.0', 'hour full time temporary')
('10000000.0', '11800000.0', '10900000.0', 'year full time')
('8000000.0', '22000000.0', '15000000.0', 'year full time')
('8000000.0', '22000000.0', '15000000.0', 'year full time')
('6000000.0', '8000000.0', '7000000.0', 'year full time')
('2000.0', '2300.0', '2150.0', 'hour full time temporary')
('8000000.0', '22000000.0', '15000000.0', 'year full time')
('3000.0', '3500.0', '3250.0', 'hour full time temporary')
('7500000.0', '8400000.0', '7950000.0', 'year full time')
('4500000.0', '10000000.0', '7250000.0', 'year full time')
('1500.0', '2100.0', '1800.0', 'hour full time')
('1200.0', '0.0', '1200.0', ' temporary')
('7500.0', '12500.0', '10000.0', 'year full time')
('5500000.0', '0.0', '5500000.0', ' full time')
('6000000.0', '7000000.0', '6500000.0', 'year full time')
('1375.0', '1375.0', '1375.0', 'hour full time')
('100.0', '100.0', '100.0', 'hour full time temporary')
('10000000.0', '12000000.0', '11000000.0', 'year full time')
('2700.0', '2700.0', '2700.0', 'hour full time')
('2700.0', '3600.0', '3150.0', 'year full time')
('6057600.0', '0.0', '6057600.0', 'year full time')
('5500000.0', '6000000.0', '5750000.0', 'year full time')
('2610.0', '0.0', '2610.0', ' full time')
('5500.0', '6000.0', '5750.0', 'hour full time')
('7000000.0', '10000000.0', '8500000.0', 'year full time')
('8000000.0', '11000000.0', '9500000.0', 'year full time')
('100.0', '100.0', '100.0', 'hour full time temporary')
('1800.0', '0.0', '1800.0', ' full time')
('4000000.0', '5000000.0', '4500000.0', 'year full time')
('3500000.0', '0.0', '3500000.0', ' temporary')
('1500.0', '0.0', '1500.0', ' full time')
('1931.0', '1931.0', '1931.0', 'hour full time')
('2243.0', '2243.0', '2243.0', 'hour full time')
('4500000.0', '5000000.0', '4750000.0', 'year full time')
('2192.0', '2192.0', '2192.0', 'hour full time')
('1787.0', '1787.0', '1787.0', 'hour full time')
('0.0', '4500000.0', '4500000.0', 'year full time')
('9000000.0', '14000000.0', '11500000.0', 'year full time')
('7500000.0', '9000000.0', '8250000.0', 'year full time')
('9000000.0', '12000000.0', '10500000.0', 'year full time')
('7600000.0', '7600000.0', '7600000.0', 'year full time')
('7500000.0', '9000000.0', '8250000.0', 'year full time')
('0.0', '6500000.0', '6500000.0', 'year full time')
('1800.0', '2000.0', '1900.0', 'hour full time')
('6000000.0', '8000000.0', '7000000.0', 'year full time')
('9500000.0', '12500000.0', '11000000.0', 'year full time temporary')
('6000000.0', '8000000.0', '7000000.0', 'year full time')
('5000000.0', '7000000.0', '6000000.0', 'year full time')
('4000.0', '6000.0', '5000.0', 'hour full time')
('1200.0', '1300.0', '1250.0', 'hour part time temporary')
('6500000.0', '9000000.0', '7750000.0', 'year full time')
('6000000.0', '9000000.0', '7500000.0', 'year full time')
('5000000.0', '6500000.0', '5750000.0', 'year full time')
('6000000.0', '8000000.0', '7000000.0', 'year full time')
('2500.0', '3500.0', '3000.0', 'hour temporary')
('9000000.0', '10500000.0', '9750000.0', 'year full time')
('5500000.0', '13000000.0', '9250000.0', 'year full time')
('9080000.0', '9928500.0', '9504250.0', 'year full time')
('2800000.0', '2850000.0', '2825000.0', 'year full time')
('2500.0', '0.0', '2500.0', 'hour full time')
('1300.0', '0.0', '1300.0', 'hour full time')
('10000000.0', '13000000.0', '11500000.0', 'year full time')
('6000000.0', '8500000.0', '7250000.0', 'year full time')
('7500000.0', '0.0', '7500000.0', 'year full time')
('1400.0', '1600.0', '1500.0', 'hour full time')
('1800.0', '2500.0', '2150.0', 'hour full time')
('5500.0', '8000.0', '6750.0', 'hour full time temporary')
('4000000.0', '6000000.0', '5000000.0', 'year full time')
('6500000.0', '7500000.0', '7000000.0', 'year full time')
('5500000.0', '6500000.0', '6000000.0', 'year full time')
('2350.0', '2350.0', '2350.0', 'hour full time temporary')
('7500000.0', '9000000.0', '8250000.0', 'year full time')
('5000.0', '5500.0', '5250.0', 'hour full time')
('1300.0', '0.0', '1300.0', 'hour full time')
('6000000.0', '7000000.0', '6500000.0', 'year full time')
('1400.0', '1600.0', '1500.0', 'hour full time')
('2000.0', '2100.0', '2050.0', 'hour full time temporary')
('0.0', '3500.0', '3500.0', 'hour full time')
('2800.0', '3300.0', '3050.0', 'hour full time temporary')
('4000000.0', '5000000.0', '4500000.0', 'year full time')
('3500000.0', '4000000.0', '3750000.0', 'year full time')
('7000000.0', '10000000.0', '8500000.0', 'year full time')
('4300.0', '4300.0', '4300.0', 'hour full time')
('1400.0', '1600.0', '1500.0', 'hour full time')
('6000000.0', '7500000.0', '6750000.0', 'year full time')
('5000000.0', '6500000.0', '5750000.0', 'year full time')
('7500000.0', '10000000.0', '8750000.0', 'year full time')
('1400.0', '1600.0', '1500.0', 'hour full time')
('8000000.0', '9000000.0', '8500000.0', 'year full time')
('5500000.0', '6500000.0', '6000000.0', 'year full time')
('12500000.0', '13500000.0', '13000000.0', 'year full time')
('10000000.0', '13000000.0', '11500000.0', 'year full time')
('1600.0', '2400.0', '2000.0', 'hour full time')
('2500.0', '2500.0', '2500.0', 'hour full time')
('6000000.0', '7000000.0', '6500000.0', 'year full time')
('4000000.0', '6000000.0', '5000000.0', 'year full time')
('9000000.0', '11500000.0', '10250000.0', 'year full time')
('6500.0', '7500.0', '7000.0', 'hour full time')
('1565.0', '2015.0', '1790.0', 'hour full time')
('10000000.0', '12000000.0', '11000000.0', 'year full time')
('4000000.0', '4500000.0', '4250000.0', 'year full time')
('1500.0', '1800.0', '1650.0', 'hour full time')
('6000.0', '7500.0', '6750.0', 'hour full time')
('1400.0', '1600.0', '1500.0', 'hour full time')
('3500000.0', '4500000.0', '4000000.0', 'year full time')
('8000000.0', '10000000.0', '9000000.0', 'year full time')
('6000000.0', '6500000.0', '6250000.0', 'year full time')
('7500000.0', '0.0', '7500000.0', 'year full time')
('7107900.0', '10983900.0', '9045900.0', 'year full time')
('5000000.0', '6000000.0', '5500000.0', 'year full time')
('5000000.0', '6000000.0', '5500000.0', 'year full time')
('8000000.0', '11000000.0', '9500000.0', 'year full time')
('5000000.0', '6000000.0', '5500000.0', 'year full time')
('1200.0', '1200.0', '1200.0', 'week full time')
('6000000.0', '8000000.0', '7000000.0', 'year full time')
('1400.0', '1600.0', '1500.0', 'hour full time')
('4000000.0', '6500000.0', '5250000.0', 'year full time')
('3000000.0', '3500000.0', '3250000.0', 'year full time')
('7500000.0', '8700000.0', '8100000.0', 'year full time')
('4500.0', '6000.0', '5250.0', 'hour full time')
('8500000.0', '9500000.0', '9000000.0', 'year full time')
('9000000.0', '11000000.0', '10000000.0', 'year full time')
('1200.0', '1400.0', '1300.0', 'hour full time')
('5500000.0', '7000000.0', '6250000.0', 'year full time')
('0.0', '13000000.0', '13000000.0', 'year full time')
('9000000.0', '11000000.0', '10000000.0', 'year full time')
('3500.0', '4500.0', '4000.0', 'hour full time')
('7000000.0', '9000000.0', '8000000.0', 'year full time')
('1400.0', '1600.0', '1500.0', 'hour full time')
('0.0', '10000000.0', '10000000.0', 'year full time')
('1400.0', '1600.0', '1500.0', 'hour full time')
('9000000.0', '11500000.0', '10250000.0', 'year full time')
('1200.0', '0.0', '1200.0', 'hour full time')
('6000000.0', '7000000.0', '6500000.0', 'year full time')
('6000000.0', '7000000.0', '6500000.0', 'year full time')
('4000000.0', '6500000.0', '5250000.0', 'year full time')
('8500000.0', '9500000.0', '9000000.0', 'year full time')
('4000.0', '4500.0', '4250.0', 'hour full time')
('2000.0', '2500.0', '2250.0', 'hour full time')
('7350000.0', '11030000.0', '9190000.0', 'year full time')
('5000000.0', '6500000.0', '5750000.0', 'year full time')
('4500000.0', '5000000.0', '4750000.0', 'year full time')
('100.0', '200.0', '150.0', 'year full time')
('7000000.0', '8500000.0', '7750000.0', 'year full time')
('588293.0', '788320.0', '688306.5', 'mont full time')
('8500000.0', '0.0', '8500000.0', 'year full time')
('3500000.0', '4000000.0', '3750000.0', 'year full time')
('8500000.0', '9500000.0', '9000000.0', 'year full time')
('5500000.0', '7500000.0', '6500000.0', 'year full time')
('10000000.0', '12000000.0', '11000000.0', 'year full time')
('0.0', '4250000.0', '4250000.0', 'year full time')
('5000000.0', '6000000.0', '5500000.0', 'year full time')
('16000000.0', '20000000.0', '18000000.0', 'year full time')
('7000000.0', '8500000.0', '7750000.0', 'year full time')
('7000000.0', '8000000.0', '7500000.0', 'year full time')
('4500.0', '5500.0', '5000.0', 'hour full time temporary')
('2500.0', '2500.0', '2500.0', 'hour full time')
('5000000.0', '5500000.0', '5250000.0', 'year full time')
('8000000.0', '11000000.0', '9500000.0', 'year full time')
('2000.0', '3000.0', '2500.0', 'hour full time')
('7500000.0', '8500000.0', '8000000.0', 'year full time')
('1600.0', '0.0', '1600.0', 'hour full time temporary')
('3100.0', '3300.0', '3200.0', 'hour full time')
('5000000.0', '9800000.0', '7400000.0', 'year full time')
('3400.0', '4375.0', '3887.5', 'hour full time')
('4500000.0', '6000000.0', '5250000.0', 'year full time')
('1000.0', '1800.0', '1400.0', 'hour full time')
('3400.0', '3900.0', '3650.0', 'hour full time')
('4561100.0', '0.0', '4561100.0', 'year full time')
('1900.0', '2000.0', '1950.0', 'hour full time')
('6000000.0', '7300000.0', '6650000.0', 'year full time')
('401.0', '0.0', '401.0', ' full time')
('1400.0', '2000.0', '1700.0', 'hour full time')
('6000000.0', '7500000.0', '6750000.0', 'year full time')
('1100.0', '1600.0', '1350.0', 'hour full time')
('6500000.0', '8500000.0', '7500000.0', 'year full time')
('2500000.0', '3500000.0', '3000000.0', 'year full time')
('4067300.0', '0.0', '4067300.0', 'year full time')
('10000000.0', '12000000.0', '11000000.0', 'year full time')
('0.0', '7500000.0', '7500000.0', 'year full time')
('11500000.0', '12000000.0', '11750000.0', 'year full time')
('1300.0', '1700.0', '1500.0', 'hour full time')
('5500000.0', '7000000.0', '6250000.0', 'year full time')
('5000.0', '7500.0', '6250.0', 'hour part time')
('4200000.0', '5800000.0', '5000000.0', 'year full time')
('2100.0', '2500.0', '2300.0', 'hour full time')
('0.0', '7300000.0', '7300000.0', 'year full time')
('1600.0', '1600.0', '1600.0', 'hour full time')
('4100000.0', '4100000.0', '4100000.0', 'year full time')
('0.0', '16000000.0', '16000000.0', 'year full time')
('1400.0', '1600.0', '1500.0', 'hour full time')
('8500000.0', '10000000.0', '9250000.0', 'year full time')
('3800000.0', '4500000.0', '4150000.0', 'year full time')
('401.0', '0.0', '401.0', ' full time')
('6000000.0', '7000000.0', '6500000.0', 'year full time')
('1500.0', '1500.0', '1500.0', 'hour full time')
('2000.0', '2500.0', '2250.0', 'hour full time')
('1700.0', '1700.0', '1700.0', 'hour full time')
('1400.0', '1600.0', '1500.0', 'hour full time')
('1913.0', '2484.0', '2198.5', 'hour full time')
('1700.0', '1900.0', '1800.0', 'hour full time')
('5200000.0', '0.0', '5200000.0', ' full time')
('1512.0', '0.0', '1512.0', 'hour full time')
('4000000.0', '4500000.0', '4250000.0', 'year full time')
('6000000.0', '9000000.0', '7500000.0', 'year full time')
('6000000.0', '7800000.0', '6900000.0', 'year full time')
('6100000.0', '7500000.0', '6800000.0', 'year full time')
('6000000.0', '9000000.0', '7500000.0', 'year full time')
('6000000.0', '8000000.0', '7000000.0', 'year full time')
('9000000.0', '11000000.0', '10000000.0', 'year full time')
('1500.0', '1500.0', '1500.0', 'hour full time')
('4000000.0', '6000000.0', '5000000.0', 'year full time')
('8000000.0', '9500000.0', '8750000.0', 'year full time')
('8000000.0', '9000000.0', '8500000.0', 'year full time')
('7500000.0', '9500000.0', '8500000.0', 'year full time')
('1350.0', '1650.0', '1500.0', 'hour full time')
('6500000.0', '7500000.0', '7000000.0', 'year full time')
('8320000.0', '14440000.0', '11380000.0', 'year full time')
('1292.0', '1719.0', '1505.5', 'hour full time')
('6000000.0', '8000000.0', '7000000.0', 'year full time')
('40171.0', '0.0', '40171.0', ' full time')
('1560.0', '1560.0', '1560.0', 'hour full time temporary')
('2000.0', '3000.0', '2500.0', 'hour full time temporary')
('5000000.0', '5500000.0', '5250000.0', 'year full time')
('5500000.0', '6500000.0', '6000000.0', 'year full time')
('1200.0', '1300.0', '1250.0', 'hour full time')
('7500000.0', '9000000.0', '8250000.0', 'year full time')
('10000000.0', '10500000.0', '10250000.0', 'year full time')
('7500000.0', '9000000.0', '8250000.0', 'year full time')
('5000000.0', '6200000.0', '5600000.0', 'year full time')
('10000000.0', '12500000.0', '11250000.0', 'year full time')
('1100.0', '1100.0', '1100.0', 'hour full time')
('900.0', '900.0', '900.0', 'hour full time')
('4500000.0', '6000000.0', '5250000.0', 'year full time')
('9000000.0', '11000000.0', '10000000.0', 'year full time')
('10700000.0', '13500000.0', '12100000.0', 'year full time')
('5000000.0', '6000000.0', '5500000.0', 'year full time')
('4500000.0', '5000000.0', '4750000.0', 'year full time')
('2600.0', '3000.0', '2800.0', 'hour full time')
('4500000.0', '5000000.0', '4750000.0', 'year full time')
('9000000.0', '11000000.0', '10000000.0', 'year full time')
('8500000.0', '9500000.0', '9000000.0', 'year full time')
('3800000.0', '4600000.0', '4200000.0', 'year full time')
('640100.0', '793500.0', '716800.0', 'mont full time')
('1800.0', '2000.0', '1900.0', 'year full time')
('2855.0', '2855.0', '2855.0', 'hour full time')
('8500000.0', '9500000.0', '9000000.0', 'year full time')
('4000000.0', '4500000.0', '4250000.0', 'year full time')
('2100.0', '2600.0', '2350.0', 'hour full time temporary')
('1000.0', '1200.0', '1100.0', 'hour full time')
('9000000.0', '15000000.0', '12000000.0', 'year full time')
('4000000.0', '5000000.0', '4500000.0', 'year full time')
('401.0', '0.0', '401.0', ' full time')
('0.0', '1500.0', '1500.0', 'hour full time')
('4500000.0', '4800000.0', '4650000.0', 'year full time')
('0.0', '5400000.0', '5400000.0', 'year full time')
('4000000.0', '4500000.0', '4250000.0', 'year full time')
('6500000.0', '90000000.0', '48250000.0', 'year full time')
('8000000.0', '8500000.0', '8250000.0', 'year full time')
('3600000.0', '10000000.0', '6800000.0', 'year full time')
('1000.0', '2000.0', '1500.0', 'hour full time')
('4000000.0', '5600000.0', '4800000.0', 'year 00"')
('3500000.0', '4200000.0', '3850000.0', 'year full time')
('4500000.0', '6000000.0', '5250000.0', 'year full time')
('6000000.0', '6500000.0', '6250000.0', 'year full time')
('4500000.0', '6500000.0', '5500000.0', 'year full time')
('750.0', '750.0', '750.0', 'hour full time')
('2200.0', '2300.0', '2250.0', 'hour full time')
('4000000.0', '10000000.0', '7000000.0', 'year full time')
('4700000.0', '6000000.0', '5350000.0', 'year full time')
('4000000.0', '8500000.0', '6250000.0', 'year full time')
('2500000.0', '5500000.0', '4000000.0', 'year full time')
('6500000.0', '90000000.0', '48250000.0', 'year full time')
('1075.0', '1300.0', '1187.5', 'hour full time')
('3800000.0', '4500000.0', '4150000.0', 'year full time')
('3000000.0', '4500000.0', '3750000.0', 'year full time')
('4500000.0', '5000000.0', '4750000.0', 'year full time')
('3300000.0', '3800000.0', '3550000.0', 'year full time')
('2500.0', '3500.0', '3000.0', 'hour full time')
('4500000.0', '10000000.0', '7250000.0', 'year full time')
('900.0', '0.0', '900.0', 'hour ')
('800.0', '1000.0', '900.0', 'hour part time')
('401.0', '0.0', '401.0', ' full time')
('1800.0', '2000.0', '1900.0', 'hour full time')
('1292.0', '1719.0', '1505.5', 'hour full time')
('9000000.0', '10000000.0', '9500000.0', 'year full time')
('4000000.0', '6000000.0', '5000000.0', 'year full time')
('8000000.0', '10500000.0', '9250000.0', 'year full time')
('6000000.0', '7500000.0', '6750000.0', 'year full time')
('1350.0', '1350.0', '1350.0', 'hour full time')
('850.0', '850.0', '850.0', 'hour full time')
('1600.0', '1700.0', '1650.0', 'hour full time')
('2000.0', '2200.0', '2100.0', 'hour full time')
('5000000.0', '6500000.0', '5750000.0', 'year full time')
('850.0', '850.0', '850.0', 'hour full time')
('5000000.0', '6000000.0', '5500000.0', 'year full time')
('5500000.0', '6000000.0', '5750000.0', 'year full time')
('1075.0', '1075.0', '1075.0', 'hour full time temporary')
('1250.0', '0.0', '1250.0', 'hour full time')
('6500000.0', '7500000.0', '7000000.0', 'year full time')
('1015.0', '1065.0', '1040.0', 'hour full time')
('2000.0', '2200.0', '2100.0', 'hour full time')
('1800.0', '2300.0', '2050.0', 'hour full time')
('5000000.0', '7000000.0', '6000000.0', 'year full time')
('1250.0', '0.0', '1250.0', 'hour full time')
('1300.0', '2000.0', '1650.0', 'hour full time')
('0.0', '5000000.0', '5000000.0', 'year full time')
('1300.0', '2000.0', '1650.0', 'hour full time')
('6000000.0', '6500000.0', '6250000.0', 'year full time')
('4500000.0', '6000000.0', '5250000.0', 'year full time')
('4000000.0', '0.0', '4000000.0', 'year full time')
('5000000.0', '6000000.0', '5500000.0', 'year full time')
('9000000.0', '10000000.0', '9500000.0', 'year full time')
('5000000.0', '6500000.0', '5750000.0', 'year full time')
('1300.0', '2000.0', '1650.0', 'hour full time')
('0.0', '1600.0', '1600.0', 'hour full time temporary')
('12000000.0', '13000000.0', '12500000.0', 'year full time')
('7500000.0', '10000000.0', '8750000.0', 'year full time')
('7000000.0', '11000000.0', '9000000.0', 'year full time')
('0.0', '7500000.0', '7500000.0', 'year full time')
('13000000.0', '15000000.0', '14000000.0', 'year full time')
('4500000.0', '6000000.0', '5250000.0', 'year full time')
('3500000.0', '4000000.0', '3750000.0', 'year full time')
('14500000.0', '16000000.0', '15250000.0', 'year full time')
('3000000.0', '15000000.0', '9000000.0', 'year full time')
('2100.0', '2600.0', '2350.0', 'hour full time')
('0.0', '16000000.0', '16000000.0', 'year full time')
('5000000.0', '6500000.0', '5750000.0', 'year full time')
('14000000.0', '16000000.0', '15000000.0', 'year full time')
('5000000.0', '6200000.0', '5600000.0', 'year full time')
('5328600.0', '5855300.0', '5591950.0', 'year full time')
('5000000.0', '5700000.0', '5350000.0', 'year full time')
('0.0', '11000000.0', '11000000.0', 'year full time')
('6000000.0', '6500000.0', '6250000.0', 'year full time')
('1500.0', '1800.0', '1650.0', 'year full time')
('9500000.0', '10500000.0', '10000000.0', 'year full time')
('5500000.0', '8000000.0', '6750000.0', 'year full time')
('7000000.0', '8000000.0', '7500000.0', 'year full time')
('1700.0', '2100.0', '1900.0', 'hour full time')
('9500000.0', '0.0', '9500000.0', 'year full time')
('2500.0', '3000.0', '2750.0', 'hour full time')
('8000000.0', '0.0', '8000000.0', 'year full time')
('10000000.0', '10000000.0', '10000000.0', 'year full time')
('7000000.0', '0.0', '7000000.0', 'year full time')
('3500000.0', '5000000.0', '4250000.0', 'year full time')
('5000000.0', '5000000.0', '5000000.0', 'year full time')
('4000000.0', '10000000.0', '7000000.0', 'year full time')
('4000000.0', '10000000.0', '7000000.0', 'year full time')
('4000000.0', '10000000.0', '7000000.0', 'year full time')
('4000000.0', '10000000.0', '7000000.0', 'year full time')
('4000000.0', '10000000.0', '7000000.0', 'year full time')
('4000000.0', '10000000.0', '7000000.0', 'year full time')
('1050.0', '0.0', '1050.0', 'hour full time')
('1100.0', '1500.0', '1300.0', 'hour full time')
('72.0', '100.0', '86.0', ' full time')
('2500000.0', '0.0', '2500000.0', 'year full time')
('6000000.0', '6500000.0', '6250000.0', 'year full time')
('0.0', '4700000.0', '4700000.0', 'year full time')
('0.0', '2.0', '2.0', ' full time')
('10000000.0', '10000000.0', '10000000.0', 'year full time')
('5500000.0', '6500000.0', '6000000.0', 'year full time')
('5000000.0', '25000000.0', '15000000.0', 'year full time')
('3105400.0', '3105400.0', '3105400.0', ' full time')
('5500000.0', '8500000.0', '7000000.0', 'year full time')
('1400.0', '1800.0', '1600.0', 'hour full time')
('5000000.0', '8500000.0', '6750000.0', 'year full time')
('0.0', '2500.0', '2500.0', 'hour full time')
('1600.0', '2100.0', '1850.0', 'hour full time')
('0.0', '9000000.0', '9000000.0', 'year full time')
('1300.0', '0.0', '1300.0', ' full time')
('1700.0', '2000.0', '1850.0', 'hour full time')
('2200.0', '2500.0', '2350.0', 'hour full time')
('1000.0', '0.0', '1000.0', 'hour full time')
('1000.0', '1150.0', '1075.0', 'hour full time')
('6000000.0', '7000000.0', '6500000.0', 'year full time')
('3500000.0', '7500000.0', '5500000.0', 'year full time')
('3800000.0', '5000000.0', '4400000.0', 'year full time')
('15000000.0', '0.0', '15000000.0', 'year full time')
('1400.0', '1400.0', '1400.0', 'hour part time')
('100.0', '100.0', '100.0', 'hour full time temporary')
('0.0', '7000000.0', '7000000.0', 'year full time')
('5500000.0', '6500000.0', '6000000.0', 'year full time')
('9500000.0', '12500000.0', '11000000.0', 'year full time temporary')
('8000000.0', '9000000.0', '8500000.0', 'year full time')
('4000000.0', '5000000.0', '4500000.0', 'year 00"')
('9500000.0', '10500000.0', '10000000.0', 'year full time')
('2000.0', '3000.0', '2500.0', 'hour full time')
('6000000.0', '7000000.0', '6500000.0', 'year full time')
('4000000.0', '0.0', '4000000.0', 'year full time')
('3900000.0', '0.0', '3900000.0', 'year full time')
('0.0', '2000.0', '2000.0', 'hour full time')
('2000.0', '2500.0', '2250.0', 'hour part time')
('9500000.0', '10500000.0', '10000000.0', 'year full time')
('1150.0', '1250.0', '1200.0', 'hour full time')
('4000000.0', '0.0', '4000000.0', 'year full time')
('3500.0', '4500.0', '4000.0', 'hour full time temporary')
('2000.0', '2500.0', '2250.0', 'hour full time')
('1000.0', '1200.0', '1100.0', 'hour full time')
('1200.0', '1400.0', '1300.0', 'hour full time')
('1200.0', '1600.0', '1400.0', 'hour full time')
('1300.0', '1500.0', '1400.0', 'hour full time')
('1600.0', '0.0', '1600.0', 'hour full time')
('5000000.0', '8500000.0', '6750000.0', 'year full time')
('5000000.0', '8000000.0', '6500000.0', 'year full time')
('1200.0', '1400.0', '1300.0', 'hour full time')
('10000000.0', '10500000.0', '10250000.0', 'year full time')
('3100000.0', '25000000.0', '14050000.0', 'year ')
('2000.0', '3500.0', '2750.0', 'hour full time')
('2400.0', '2500.0', '2450.0', 'hour full time')
('1650.0', '2500.0', '2075.0', 'hour full time')
('0.0', '2100.0', '2100.0', 'hour full time')
('4000000.0', '7000000.0', '5500000.0', 'year full time')
('6000000.0', '8000000.0', '7000000.0', 'year full time')
('4400000.0', '0.0', '4400000.0', 'year full time')
('1500.0', '1700.0', '1600.0', 'hour full time')
('0.0', '2900.0', '2900.0', 'hour full time')
('0.0', '1900.0', '1900.0', 'hour full time')
('7000000.0', '10000000.0', '8500000.0', 'year full time')
('800.0', '0.0', '800.0', ' full time')
('10000000.0', '12000000.0', '11000000.0', 'year full time')
('4000.0', '4500.0', '4250.0', 'year full time')
('2000.0', '2500.0', '2250.0', 'hour full time')
('3500000.0', '4000000.0', '3750000.0', 'year full time')
('11000000.0', '0.0', '11000000.0', 'year full time')
('1500.0', '0.0', '1500.0', 'hour full time')
('9000000.0', '11500000.0', '10250000.0', 'year full time')
('1000.0', '1400.0', '1200.0', 'hour full time')
('5000.0', '7500.0', '6250.0', 'hour full time temporary')
('2500.0', '3000.0', '2750.0', 'hour part time')
('2500.0', '3500.0', '3000.0', 'hour full time')
('1700.0', '2100.0', '1900.0', 'hour full time')
('1250.0', '1300.0', '1275.0', ' full time')
('3000000.0', '5500000.0', '4250000.0', 'year full time')
('1150.0', '0.0', '1150.0', 'hour full time')
('490000.0', '612500.0', '551250.0', 'mont full time')
('4000.0', '6000.0', '5000.0', 'hour full time temporary')
('1250.0', '0.0', '1250.0', ' full time')
('3500000.0', '5500000.0', '4500000.0', 'year full time')
('1700.0', '1800.0', '1750.0', 'year full time')
('6000000.0', '7000000.0', '6500000.0', 'year full time')
('1700.0', '2100.0', '1900.0', 'hour full time')
('1200.0', '1500.0', '1350.0', 'hour part time')
('800.0', '0.0', '800.0', ' full time')
('0.0', '1800.0', '1800.0', 'hour full time')
('4000000.0', '6000000.0', '5000000.0', 'year full time')
('4500000.0', '8000000.0', '6250000.0', 'year full time')
('0.0', '1750.0', '1750.0', 'hour full time')
('950.0', '1150.0', '1050.0', 'hour full time')
('0.0', '2.0', '2.0', ' full time')
('1600.0', '2000.0', '1800.0', 'hour full time')
('2500000.0', '0.0', '2500000.0', 'year full time')
('3800000.0', '0.0', '3800000.0', 'year full time')
('4000000.0', '5000000.0', '4500000.0', 'year full time')
('3600000.0', '5500000.0', '4550000.0', 'year full time')
('1600.0', '2100.0', '1850.0', 'hour full time')
('4000000.0', '4500000.0', '4250000.0', 'year full time')
('6000000.0', '13000000.0', '9500000.0', 'year full time')
('10000000.0', '11500000.0', '10750000.0', 'year full time')
('6500000.0', '7000000.0', '6750000.0', 'year full time')
('1300.0', '1400.0', '1350.0', 'hour full time')
('8000000.0', '10000000.0', '9000000.0', 'year full time')
('3500000.0', '4000000.0', '3750000.0', 'year full time')
('4000000.0', '5000000.0', '4500000.0', 'year full time')
('10000000.0', '0.0', '10000000.0', 'year full time')
('1600.0', '1900.0', '1750.0', 'hour full time')
('7000.0', '8500.0', '7750.0', 'hour full time temporary')
('4000000.0', '4000000.0', '4000000.0', 'year full time')
('3000000.0', '5000000.0', '4000000.0', 'year full time')
('5000.0', '6500.0', '5750.0', 'hour full time')
('4800000.0', '4800000.0', '4800000.0', 'year full time')
('3328000.0', '3500000.0', '3414000.0', 'year full time')
('7500000.0', '9000000.0', '8250000.0', 'year full time')
('6000000.0', '8000000.0', '7000000.0', 'year full time')
('15000.0', '30000.0', '22500.0', ' full time')
('1000.0', '0.0', '1000.0', 'hour full time')
('0.0', '8500000.0', '8500000.0', 'year full time')
('7000000.0', '8500000.0', '7750000.0', 'year full time')
('2500000.0', '10000000.0', '6250000.0', 'year full time')
('0.0', '2.0', '2.0', ' full time')
('0.0', '3250.0', '3250.0', 'hour full time')
('4000000.0', '6000000.0', '5000000.0', ' full time')
('8000000.0', '9000000.0', '8500000.0', 'year full time')
('3500000.0', '5500000.0', '4500000.0', 'year full time')
('3800000.0', '4200000.0', '4000000.0', 'year full time')
('1200.0', '1300.0', '1250.0', 'hour part time')
('3000000.0', '5000000.0', '4000000.0', 'year full time')
('1500.0', '2500.0', '2000.0', 'year full time')
('4500000.0', '5000000.0', '4750000.0', 'year full time')
('13501400.0', '0.0', '13501400.0', ' full time')
('1600.0', '1700.0', '1650.0', 'hour full time')
('1400.0', '1500.0', '1450.0', 'hour full time')
('2000.0', '2200.0', '2100.0', 'hour full time')
('6000000.0', '8500000.0', '7250000.0', 'year full time')
('1800.0', '0.0', '1800.0', 'hour full time')
('4200.0', '4800.0', '4500.0', 'hour full time temporary')
('600000.0', '1000000.0', '800000.0', 'mont part time')
('8000000.0', '8500000.0', '8250000.0', 'year full time')
('3800000.0', '0.0', '3800000.0', 'year full time')
('3105400.0', '3105400.0', '3105400.0', ' full time')
('1200.0', '1300.0', '1250.0', 'hour full time')
('6000000.0', '8000000.0', '7000000.0', 'year full time')
('9500000.0', '12500000.0', '11000000.0', 'year full time')
('1100.0', '1400.0', '1250.0', 'hour full time')
('1200.0', '1300.0', '1250.0', 'hour full time')
('800.0', '0.0', '800.0', ' full time')
('1400.0', '0.0', '1400.0', 'hour full time')
('4000000.0', '7000000.0', '5500000.0', 'year full time')
('3000000.0', '5000000.0', '4000000.0', 'year full time')
('0.0', '5600000.0', '5600000.0', 'year full time')
('1300.0', '2000.0', '1650.0', 'hour part time')
('1200.0', '1400.0', '1300.0', 'hour full time')
('2000.0', '2500.0', '2250.0', 'hour full time temporary')
('2000.0', '3000.0', '2500.0', 'hour full time')
('5200.0', '5700.0', '5450.0', 'hour full time')
('1600.0', '2000.0', '1800.0', 'hour ')
('3000.0', '3200.0', '3100.0', 'hour full time')
('4300000.0', '0.0', '4300000.0', 'year full time')
('1250.0', '0.0', '1250.0', ' full time')
('1400.0', '1400.0', '1400.0', 'hour full time')
('5000000.0', '8000000.0', '6500000.0', 'year full time')
('5000000.0', '6000000.0', '5500000.0', 'year full time')
('8500000.0', '10500000.0', '9500000.0', 'year production shift mgr ')
('1600.0', '1600.0', '1600.0', 'hour full time')
('1689.0', '0.0', '1689.0', 'hour full time')
('6500000.0', '8000000.0', '7250000.0', 'year full time')
('10000000.0', '14500000.0', '12250000.0', 'year full time')
('1500.0', '1600.0', '1550.0', 'hour full time')
('1400.0', '1700.0', '1550.0', 'hour full time')
('3500.0', '4500.0', '4000.0', 'hour full time')
('7000000.0', '8500000.0', '7750000.0', 'year full time')
('4800.0', '4900.0', '4850.0', 'hour full time')
('1200.0', '2000.0', '1600.0', 'year full time')
('3800000.0', '4700000.0', '4250000.0', 'year full time')
('5000.0', '6500.0', '5750.0', 'year full time')
('6000000.0', '16000000.0', '11000000.0', 'year full time')
('3500000.0', '4500000.0', '4000000.0', 'year full time')
('1600.0', '1600.0', '1600.0', 'hour full time')
('4800000.0', '5800000.0', '5300000.0', 'year full time')
('4500000.0', '6500000.0', '5500000.0', 'year full time')
('4500000.0', '5500000.0', '5000000.0', 'year full time')
('10000000.0', '11500000.0', '10750000.0', 'year full time')
('4000000.0', '6500000.0', '5250000.0', 'year full time')
('75.0', '0.0', '75.0', ' full time')
('11000000.0', '14000000.0', '12500000.0', 'year full time')
('3900000.0', '5800000.0', '4850000.0', 'year full time')
('4000000.0', '0.0', '4000000.0', 'year dining room mgr ')
('4000000.0', '4500000.0', '4250000.0', 'year full time')
('12000000.0', '13000000.0', '12500000.0', 'year full time')
('5400000.0', '5600000.0', '5500000.0', 'year full time')
('3800000.0', '5800000.0', '4800000.0', 'year full time')
('3000000.0', '4500000.0', '3750000.0', 'year full time')
('1100.0', '1300.0', '1200.0', 'hour per diem')
('4500000.0', '6000000.0', '5250000.0', 'year full time')
('0.0', '2.0', '2.0', ' full time')
('4500000.0', '5500000.0', '5000000.0', 'year full time')
('1700.0', '2200.0', '1950.0', 'hour part time')
('3000000.0', '4500000.0', '3750000.0', 'year full time')
('2000.0', '2500.0', '2250.0', 'hour part time')
('4500000.0', '5800000.0', '5150000.0', 'year full time')
('1200.0', '1500.0', '1350.0', 'year full time')
('13000000.0', '16500000.0', '14750000.0', 'year full time')
('7500000.0', '17500000.0', '12500000.0', 'year full time')
('3000000.0', '4500000.0', '3750000.0', 'year full time')
('3200000.0', '4000000.0', '3600000.0', 'year full time')
('6500000.0', '9500000.0', '8000000.0', 'year full time')
('5000000.0', '7000000.0', '6000000.0', 'year full time')
('4200000.0', '5000000.0', '4600000.0', 'year full time')
('0.0', '2782.0', '2782.0', 'hour full time')
('3500000.0', '6000000.0', '4750000.0', 'year full time')
('4500000.0', '6000000.0', '5250000.0', 'year full time')
('3600000.0', '4800000.0', '4200000.0', 'year full time')
('2000.0', '2500.0', '2250.0', 'hour full time')
('6500000.0', '8000000.0', '7250000.0', 'year full time')
('4500000.0', '5500000.0', '5000000.0', 'year full time')
('1900.0', '2100.0', '2000.0', 'hour part time')
('3500.0', '4800.0', '4150.0', 'year full time')
('4200000.0', '5000000.0', '4600000.0', 'year full time')
('4000000.0', '8500000.0', '6250000.0', 'year full time')
('8000000.0', '9500000.0', '8750000.0', 'year full time')
('4500000.0', '7000000.0', '5750000.0', 'year full time')
('1200.0', '1500.0', '1350.0', 'year full time')
('5000000.0', '6500000.0', '5750000.0', 'year full time')
('4000000.0', '5500000.0', '4750000.0', 'year full time')
('4500000.0', '5800000.0', '5150000.0', 'year full time')
('503.0', '0.0', '503.0', 'hour full time')
('5000.0', '6000.0', '5500.0', 'hour full time')
('3800000.0', '4700000.0', '4250000.0', 'year full time')
('900.0', '1478.0', '1189.0', 'hour full time')
('5000000.0', '0.0', '5000000.0', 'year full time')
('5500000.0', '7500000.0', '6500000.0', 'year full time')
('4500000.0', '5000000.0', '4750000.0', 'year full time')
('3600000.0', '4500000.0', '4050000.0', 'year full time')
('6600000.0', '8000000.0', '7300000.0', 'year full time')
('3000000.0', '6000000.0', '4500000.0', 'year full time')
('4500000.0', '5500000.0', '5000000.0', 'year full time')
('1500.0', '1700.0', '1600.0', 'hour full time')
('3900000.0', '6000000.0', '4950000.0', 'year full time')
('2400000.0', '3000000.0', '2700000.0', 'year full time')
('6000000.0', '16000000.0', '11000000.0', 'year full time')
('1400.0', '1800.0', '1600.0', 'year full time')
('850.0', '900.0', '875.0', 'hour part time')
('4000000.0', '5000000.0', '4500000.0', 'year full time')
('5000000.0', '5500000.0', '5250000.0', 'year full time')
('3800000.0', '5800000.0', '4800000.0', 'year full time')
('7000000.0', '7800000.0', '7400000.0', 'year full time')
('5500000.0', '6500000.0', '6000000.0', 'year full time')
('5000000.0', '8000000.0', '6500000.0', 'year full time')
('4284800.0', '6154700.0', '5219750.0', 'year full time')
('4800000.0', '5500000.0', '5150000.0', 'year full time')
('3200000.0', '3500000.0', '3350000.0', 'year full time')
('0.0', '18.0', '18.0', ' part time')
('4200000.0', '5000000.0', '4600000.0', 'year full time')
('1500.0', '1700.0', '1600.0', 'hour full time')
('3800000.0', '4700000.0', '4250000.0', 'year full time')
('3400000.0', '4200000.0', '3800000.0', 'year full time')
('850.0', '1000.0', '925.0', 'hour part time')
('2800.0', '3000.0', '2900.0', 'hour part time')
('1500.0', '3000.0', '2250.0', 'hour full time')
('1800.0', '1900.0', '1850.0', 'hour full time')
('9823920.0', '16207040.0', '13015480.0', 'year part time')
('4000.0', '4000.0', '4000.0', 'year full time')
('1000.0', '0.0', '1000.0', ' full time')
('4500000.0', '6500000.0', '5500000.0', 'year full time')
('4200000.0', '5700000.0', '4950000.0', 'year full time')
('2600000.0', '5000000.0', '3800000.0', 'year full time')
('6000000.0', '16000000.0', '11000000.0', 'year full time')
('2400.0', '0.0', '2400.0', 'year full time')
('3300000.0', '3500000.0', '3400000.0', 'year full time')
('8000000.0', '9000000.0', '8500000.0', 'year full time')
('4500000.0', '5600000.0', '5050000.0', 'year full time')
('5000.0', '5500.0', '5250.0', 'hour full time')
('0.0', '2.0', '2.0', ' full time')
('800.0', '1000.0', '900.0', 'hour part time')
('4000000.0', '5000000.0', '4500000.0', 'year full time')
('0.0', '2.0', '2.0', ' full time')
('4000000.0', '5200000.0', '4600000.0', 'year full time')
('1850000.0', '0.0', '1850000.0', 'year part time')
('4500000.0', '7000000.0', '5750000.0', 'year full time')
('4000000.0', '4500000.0', '4250000.0', 'year full time')
('3800000.0', '4700000.0', '4250000.0', 'year full time')
('3800000.0', '4700000.0', '4250000.0', 'year full time')
('3000000.0', '3500000.0', '3250000.0', 'year full time')
('4500000.0', '6500000.0', '5500000.0', 'year full time')
('1200.0', '1600.0', '1400.0', 'hour full time')
('6022000.0', '6022000.0', '6022000.0', 'year full time')
('4000000.0', '5000000.0', '4500000.0', 'year full time')
('3500000.0', '4000000.0', '3750000.0', 'year full time')
('4500000.0', '6000000.0', '5250000.0', 'year full time')
('805.0', '0.0', '805.0', 'hour full time')
('3800000.0', '4700000.0', '4250000.0', 'year full time')
('4000000.0', '5000000.0', '4500000.0', 'year full time')
('4500000.0', '0.0', '4500000.0', 'year general mgr')
('4500000.0', '4800000.0', '4650000.0', 'year full time')
('2000.0', '0.0', '2000.0', 'hour full time')
('3300000.0', '3500000.0', '3400000.0', 'year full time')
('3500000.0', '5500000.0', '4500000.0', 'year full time')
('4000000.0', '5200000.0', '4600000.0', 'year full time')
('4500000.0', '6000000.0', '5250000.0', 'year full time')
('4500000.0', '6000000.0', '5250000.0', 'year full time')
('3000000.0', '5200000.0', '4100000.0', 'year full time')
('4500000.0', '6000000.0', '5250000.0', 'year full time')
('4500000.0', '6000000.0', '5250000.0', 'year full time')
('5000000.0', '6500000.0', '5750000.0', 'year full time')
('3000000.0', '4500000.0', '3750000.0', 'year full time')
('5000000.0', '6000000.0', '5500000.0', 'year full time')
('3250000.0', '3850000.0', '3550000.0', 'year full time')
('4500000.0', '6000000.0', '5250000.0', 'year full time')
('6300000.0', '6500000.0', '6400000.0', 'year full time')
('4000000.0', '5000000.0', '4500000.0', 'year full time')
('3800000.0', '4700000.0', '4250000.0', 'year full time')
('3500000.0', '5500000.0', '4500000.0', 'year full time')
('8500000.0', '9500000.0', '9000000.0', 'year full time')
('2500000.0', '4500000.0', '3500000.0', 'year full time')
('4000000.0', '4500000.0', '4250000.0', 'year full time')
('4000000.0', '7500000.0', '5750000.0', 'year full time')
('1800.0', '1900.0', '1850.0', 'hour full time')
('900.0', '1000.0', '950.0', 'hour part time')
('4500000.0', '5000000.0', '4750000.0', 'year full time')
('5500000.0', '6200000.0', '5850000.0', 'year full time')
('4000000.0', '5000000.0', '4500000.0', 'year full time')
('4000000.0', '5500000.0', '4750000.0', 'year full time')
('3500000.0', '4500000.0', '4000000.0', 'year full time')
('3200.0', '0.0', '3200.0', 'hour full time')
('4200000.0', '5200000.0', '4700000.0', 'year full time')
('2600000.0', '3100000.0', '2850000.0', 'year full time')
('1300.0', '1800.0', '1550.0', 'year full time')
('1200.0', '4000.0', '2600.0', 'hour part time')
('1400.0', '0.0', '1400.0', ' full time')
('2000.0', '2200.0', '2100.0', 'hour part time')
('0.0', '1.0', '1.0', 'year full time')
('3087600.0', '3617300.0', '3352450.0', 'year full time')
('900.0', '1300.0', '1100.0', 'hour full time')
('1000.0', '1100.0', '1050.0', 'hour full time temporary')
('8000000.0', '12000000.0', '10000000.0', 'year full time')
('1200.0', '1400.0', '1300.0', 'hour full time')
('2200.0', '2400.0', '2300.0', 'hour full time')
('7500000.0', '9500000.0', '8500000.0', 'year full time')
('10000000.0', '15000000.0', '12500000.0', 'year full time')
('8000000.0', '10000000.0', '9000000.0', 'year full time')
('1600.0', '2000.0', '1800.0', 'hour full time')
('1200.0', '1442.0', '1321.0', 'year full time')
('10000000.0', '15000000.0', '12500000.0', 'year full time')
('6000000.0', '7500000.0', '6750000.0', 'year full time')
('9000000.0', '14000000.0', '11500000.0', 'year full time')
('7000000.0', '9000000.0', '8000000.0', 'year full time')
('5000000.0', '7500000.0', '6250000.0', 'year full time')
('3500000.0', '4300000.0', '3900000.0', 'year full time')
('3500000.0', '5000000.0', '4250000.0', 'year full time')
('4000000.0', '5000000.0', '4500000.0', 'year full time')
('3500000.0', '5000000.0', '4250000.0', 'year full time')
('8000000.0', '10000000.0', '9000000.0', 'year full time')
('4500000.0', '6000000.0', '5250000.0', 'year full time')
('5000000.0', '5000000.0', '5000000.0', 'year full time')
('2500.0', '3950.0', '3225.0', 'hour full time')
('12000000.0', '15000000.0', '13500000.0', 'year full time')
('3500000.0', '5000000.0', '4250000.0', 'year full time')
('6500000.0', '10000000.0', '8250000.0', 'year full time')
('0.0', '7000000.0', '7000000.0', 'year full time')
('0.0', '1400.0', '1400.0', 'hour full time temporary')
('0.0', '1400.0', '1400.0', 'hour full time temporary')
('5000000.0', '20000000.0', '12500000.0', 'year full time')
('12000000.0', '12000000.0', '12000000.0', 'year full time')
('1100.0', '0.0', '1100.0', 'year full time')
('5500000.0', '6000000.0', '5750000.0', 'year full time')
('1200.0', '1400.0', '1300.0', 'hour full time')
('0.0', '1700.0', '1700.0', 'hour full time')
('1600.0', '2100.0', '1850.0', 'hour full time')
('2647.0', '2647.0', '2647.0', 'hour full time')
('4400000.0', '0.0', '4400000.0', 'year full time')
('1000.0', '0.0', '1000.0', 'year full time')
('2700000.0', '3100000.0', '2900000.0', 'year full time')
('1275.0', '1564.0', '1419.5', 'hour part time')
('4000000.0', '5000000.0', '4500000.0', 'year full time')
('1200.0', '1300.0', '1250.0', 'hour full time')
('1400.0', '1600.0', '1500.0', 'hour full time')
('1300.0', '1600.0', '1450.0', 'hour full time')
('4200000.0', '4500000.0', '4350000.0', 'year full time')
('3200000.0', '0.0', '3200000.0', 'year full time')
('4000000.0', '5500000.0', '4750000.0', 'year full time')
('1300.0', '1500.0', '1400.0', 'hour full time')
('1300.0', '1500.0', '1400.0', 'hour full time')
('1700.0', '2400.0', '2050.0', 'hour full time')
('0.0', '4400000.0', '4400000.0', 'year full time')
('3120000.0', '0.0', '3120000.0', 'year full time')
('0.0', '2600000.0', '2600000.0', 'year full time')
('1500.0', '1800.0', '1650.0', 'hour full time')
('1100.0', '1200.0', '1150.0', 'hour full time')
('1800.0', '2200.0', '2000.0', 'hour full time')
('0.0', '6500000.0', '6500000.0', 'year full time')
('1400.0', '1600.0', '1500.0', 'hour full time')
('1300.0', '1400.0', '1350.0', 'hour full time')
('2247.0', '42247.0', '22247.0', 'hour full time')
('1600.0', '1650.0', '1625.0', 'hour full time')
('10000000.0', '11000000.0', '10500000.0', 'year full time')
('1500.0', '1500.0', '1500.0', 'hour full time temporary')
('8500000.0', '8500000.0', '8500000.0', 'year full time')
('4000000.0', '6000000.0', '5000000.0', 'year full time')
('2000.0', '0.0', '2000.0', ' full time')
('6500000.0', '8000000.0', '7250000.0', 'year full time')
('1000.0', '1500.0', '1250.0', 'hour full time')
('10000000.0', '12500000.0', '11250000.0', 'year full time')
('7500000.0', '8500000.0', '8000000.0', 'year full time')
('90000.0', '120000.0', '105000.0', ' part time')
('4243600.0', '4243600.0', '4243600.0', 'year full time')
('5000000.0', '6000000.0', '5500000.0', 'year full time')
('4500000.0', '5500000.0', '5000000.0', 'year full time')
('8000000.0', '9500000.0', '8750000.0', 'year full time')
('1988.0', '1988.0', '1988.0', 'hour full time temporary')
('3150000.0', '0.0', '3150000.0', ' full time')
('4700000.0', '6000000.0', '5350000.0', 'year full time')
('0.0', '1475.0', '1475.0', 'hour full time')
('13000000.0', '19500000.0', '16250000.0', 'year full time')
('2200.0', '2600.0', '2400.0', 'hour full time')
('401.0', '0.0', '401.0', ' full time')
('5800000.0', '6300000.0', '6050000.0', 'year full time')
('1300.0', '2000.0', '1650.0', 'hour full time')
('8500000.0', '9500000.0', '9000000.0', 'year full time')
('9000000.0', '10000000.0', '9500000.0', 'year full time')
('0.0', '1000.0', '1000.0', 'hour part time')
('1000.0', '1200.0', '1100.0', 'hour full time')
('3500000.0', '3500000.0', '3500000.0', 'year full time')
('4500000.0', '5500000.0', '5000000.0', 'year full time')
('1000.0', '1200.0', '1100.0', 'hour full time')
('2900000.0', '0.0', '2900000.0', 'year full time')
('1250.0', '1300.0', '1275.0', 'hour full time')
('9000000.0', '11500000.0', '10250000.0', 'year full time')
('2500000.0', '3500000.0', '3000000.0', 'year full time')
('4000000.0', '5500000.0', '4750000.0', 'year full time')
('7000000.0', '7000000.0', '7000000.0', 'year full time')
('9000000.0', '12000000.0', '10500000.0', 'year full time')
('1300.0', '1500.0', '1400.0', 'hour full time')
('15000000.0', '0.0', '15000000.0', 'year full time')
('3200000.0', '3800000.0', '3500000.0', 'year full time')
('1600.0', '1900.0', '1750.0', 'hour full time')
('1200.0', '1200.0', '1200.0', 'hour full time')
('5500000.0', '15000000.0', '10250000.0', 'year full time')
('1150.0', '1200.0', '1175.0', 'hour full time')
('2500000.0', '3500000.0', '3000000.0', 'year full time')
('1500.0', '1800.0', '1650.0', 'hour full time')
('3500.0', '3500.0', '3500.0', 'hour full time temporary')
('7000.0', '8000.0', '7500.0', 'year full time')
('7500000.0', '9000000.0', '8250000.0', 'year full time')
('4000000.0', '5500000.0', '4750000.0', 'year full time')
('10000000.0', '20000000.0', '15000000.0', 'year full time')
('1700.0', '1850.0', '1775.0', 'hour full time')
('1300.0', '1500.0', '1400.0', 'hour full time')
('1500.0', '1800.0', '1650.0', 'hour full time')
('0.0', '6000000.0', '6000000.0', 'year full time')
('4500000.0', '6800000.0', '5650000.0', 'year full time')
('1400.0', '1600.0', '1500.0', 'hour full time')
('1175.0', '1275.0', '1225.0', 'hour full time')
('11000000.0', '15000000.0', '13000000.0', 'year full time')
('7000000.0', '10000000.0', '8500000.0', 'year full time')
('2325.0', '2521.0', '2423.0', 'hour full time')
('7000000.0', '7500000.0', '7250000.0', 'year full time')
('3500000.0', '0.0', '3500000.0', ' full time')
('2700000.0', '2900000.0', '2800000.0', 'year full time')
('25000.0', '0.0', '25000.0', 'week full time')
('5500000.0', '6000000.0', '5750000.0', 'year full time')
('7500000.0', '8500000.0', '8000000.0', 'year full time')
('4500000.0', '6000000.0', '5250000.0', 'year full time')
('2500.0', '2800.0', '2650.0', 'hour full time')
